strategy_id,metric,value
equal_weight,cagr,0.212717513348577
sixty_forty,cagr,0.212717513348577
inverse_vol,cagr,0.2165295163876561
min_variance,cagr,0.2138070822089588
max_sharpe,cagr,0.1950911303192677
risk_parity,cagr,0.2166856124798422
hrp,cagr,0.2152211124763776
equal_weight,volatility,0.1767036387136105
sixty_forty,volatility,0.1767036387136105
inverse_vol,volatility,0.1729189103264689
min_variance,volatility,0.1621555621044495
max_sharpe,volatility,0.1701949626477813
risk_parity,volatility,0.1730315874832149
hrp,volatility,0.1714652555836478
equal_weight,sharpe,0.9576646055947338
sixty_forty,sharpe,0.9576646055947338
inverse_vol,sharpe,0.9929767557399988
min_variance,sharpe,1.0340284299723006
max_sharpe,sharpe,0.9016855523410736
risk_parity,sharpe,0.9931944523086502
hrp,sharpe,0.993602791720275
equal_weight,sortino,1.4239965851039962
sixty_forty,sortino,1.4239965851039962
inverse_vol,sortino,1.480851115967311
min_variance,sortino,1.5461023421072446
max_sharpe,sortino,1.3333844872926532
risk_parity,sortino,1.4805526920773204
hrp,sortino,1.4862532844255982
equal_weight,max_drawdown,-0.1795324654205842
sixty_forty,max_drawdown,-0.1795324654205842
inverse_vol,max_drawdown,-0.1734391330622724
min_variance,max_drawdown,-0.1481967845270093
max_sharpe,max_drawdown,-0.165169291087101
risk_parity,max_drawdown,-0.173223683220921
hrp,max_drawdown,-0.1701533313784455
equal_weight,average_drawdown,-0.0217457495411784
sixty_forty,average_drawdown,-0.0217457495411784
inverse_vol,average_drawdown,-0.0205473195815044
min_variance,average_drawdown,-0.0181501996564952
max_sharpe,average_drawdown,-0.0215910104198671
risk_parity,average_drawdown,-0.0206296346538291
hrp,average_drawdown,-0.0201287936340857
equal_weight,calmar,1.1848414873056603
sixty_forty,calmar,1.1848414873056603
inverse_vol,calmar,1.248446717673066
min_variance,calmar,1.442724164976682
max_sharpe,calmar,1.1811586102672538
risk_parity,calmar,1.2509006184996765
hrp,calmar,1.2648656992656513
equal_weight,ulcer_index,0.034860645335297
sixty_forty,ulcer_index,0.034860645335297
inverse_vol,ulcer_index,0.0331734827337312
min_variance,ulcer_index,0.0293128071068196
max_sharpe,ulcer_index,0.0337022793088668
risk_parity,ulcer_index,0.0331954523352404
hrp,ulcer_index,0.032359752198088
equal_weight,var_95,0.0154048346103574
sixty_forty,var_95,0.0154048346103574
inverse_vol,var_95,0.01488656347052
min_variance,var_95,0.0135517436685055
max_sharpe,var_95,0.0144168571515325
risk_parity,var_95,0.0148295134277835
hrp,var_95,0.0153361860896176
equal_weight,cvar_95,0.023875134436152
sixty_forty,cvar_95,0.023875134436152
inverse_vol,cvar_95,0.0234040292523096
min_variance,cvar_95,0.0223861752130334
max_sharpe,cvar_95,0.0241971416281243
risk_parity,cvar_95,0.0234465756377678
hrp,cvar_95,0.0232055003531815
equal_weight,var_99,0.0297765649931845
sixty_forty,var_99,0.0297765649931845
inverse_vol,var_99,0.0292333642176189
min_variance,var_99,0.0282697498838321
max_sharpe,var_99,0.0294960034378087
risk_parity,var_99,0.0293231525588691
hrp,var_99,0.029050527225495
equal_weight,cvar_99,0.04080211897194
sixty_forty,cvar_99,0.04080211897194
inverse_vol,cvar_99,0.0397824507638774
min_variance,cvar_99,0.0371181837389575
max_sharpe,cvar_99,0.0389722901172719
risk_parity,cvar_99,0.0396718692775147
hrp,cvar_99,0.0398965956413948
equal_weight,skewness,0.5704987325106772
sixty_forty,skewness,0.5704987325106772
inverse_vol,skewness,0.5984161923068245
min_variance,skewness,0.6092589316183283
max_sharpe,skewness,0.4609342972701453
risk_parity,skewness,0.579253903255787
hrp,skewness,0.7154500771624611
equal_weight,excess_kurtosis,10.849576500264956
sixty_forty,excess_kurtosis,10.849576500264956
inverse_vol,excess_kurtosis,11.478946646668875
min_variance,excess_kurtosis,13.33293371631046
max_sharpe,excess_kurtosis,10.50488492583924
risk_parity,excess_kurtosis,11.17385179771322
hrp,excess_kurtosis,13.279540714730638
equal_weight,best_day,0.0912987653898758
sixty_forty,best_day,0.0912987653898758
inverse_vol,best_day,0.0904755851278315
min_variance,best_day,0.0867345686373813
max_sharpe,best_day,0.0852010446850679
risk_parity,best_day,0.0898417512807931
hrp,best_day,0.0935388063856405
equal_weight,worst_day,-0.0574217131995524
sixty_forty,worst_day,-0.0574217131995524
inverse_vol,worst_day,-0.058152430374847
min_variance,worst_day,-0.0609611490690242
max_sharpe,worst_day,-0.0588672788942266
risk_parity,worst_day,-0.0580374487077454
hrp,worst_day,-0.0584809981608418
equal_weight,best_month,0.1126667067414166
sixty_forty,best_month,0.1126667067414166
inverse_vol,best_month,0.1097173421399204
min_variance,best_month,0.0889504798751459
max_sharpe,best_month,0.0943623230153949
risk_parity,best_month,0.1097843052513527
hrp,best_month,0.1125156201717625
equal_weight,worst_month,-0.0640163745073144
sixty_forty,worst_month,-0.0640163745073144
inverse_vol,worst_month,-0.0659087545137261
min_variance,worst_month,-0.0772976554042538
max_sharpe,worst_month,-0.0790413897885837
risk_parity,worst_month,-0.0662575960164602
hrp,worst_month,-0.0630368166413993
equal_weight,positive_months_pct,0.7083333333333334
sixty_forty,positive_months_pct,0.7083333333333334
inverse_vol,positive_months_pct,0.7083333333333334
min_variance,positive_months_pct,0.6666666666666666
max_sharpe,positive_months_pct,0.6666666666666666
risk_parity,positive_months_pct,0.7083333333333334
hrp,positive_months_pct,0.75
