strategy_id,model,confidence,observations,exceptions,expected_exceptions,exception_rate,kupiec_lr,kupiec_p,independence_lr,independence_p,conditional_coverage_lr,conditional_coverage_p,es_ratio,kupiec_pass,independence_pass,conditional_coverage_pass
equal_weight,cornish_fisher,0.95,256,33,12.800000000000011,0.12890625,23.832396905875573,1.0509860136255996e-06,0.5414772047732299,0.4618211688991187,24.373874110648803,5.0965992451798185e-06,0.9099202642884656,False,True,False
equal_weight,cornish_fisher,0.99,256,1,2.5600000000000023,0.00390625,1.2495681145232682,0.2636349810958321,0.0078740360894009,0.9292919078332574,1.2574421506126692,0.5332733815650498,0.7174660219787885,True,True,True
equal_weight,fhs,0.95,256,15,12.800000000000011,0.05859375,0.3781125034451058,0.5386151275510649,1.876222614474756,0.1707640940352478,2.2543351179198616,0.3239495261023919,0.9898554765783272,True,True,True
equal_weight,fhs,0.99,256,2,2.5600000000000023,0.0078125,0.13379615165148,0.7145280786977191,0.0316208827023771,0.8588622855407908,0.1654170343538572,0.9206194528720782,1.3616189228467233,True,True,True
equal_weight,gaussian,0.95,256,17,12.800000000000011,0.06640625,1.3210719657223002,0.2503997569568254,2.43064076640016,0.1189842531811837,3.75171273212246,0.1532236950723693,1.1054060904165453,True,True,True
equal_weight,gaussian,0.99,256,4,2.5600000000000023,0.015625,0.6984941792499493,0.4032901348710984,0.1274954367070222,0.7210431220469655,0.8259896159569715,0.6616657182015742,1.3894399911544697,True,True,True
equal_weight,historical,0.95,256,14,12.800000000000011,0.0546875,0.1150712586136712,0.7344428376844663,1.627472082362743,0.2020530518949052,1.7425433409764146,0.4184191195357994,0.9227233072978896,True,True,True
equal_weight,historical,0.99,256,2,2.5600000000000023,0.0078125,0.13379615165148,0.7145280786977191,0.0316208827023771,0.8588622855407908,0.1654170343538572,0.9206194528720782,0.8992810397769665,True,True,True
hrp,cornish_fisher,0.95,256,36,12.800000000000011,0.140625,30.340405616752523,3.624955399512396e-08,0.3300187248022439,0.5656480624405277,30.670424341554767,2.1877715751436755e-07,0.8954184110290415,False,True,False
hrp,cornish_fisher,0.99,256,1,2.5600000000000023,0.00390625,1.2495681145232682,0.2636349810958321,0.0078740360894009,0.9292919078332574,1.2574421506126692,0.5332733815650498,0.7076477917794053,True,True,True
hrp,fhs,0.95,256,15,12.800000000000011,0.05859375,0.3781125034451058,0.5386151275510649,1.876222614474756,0.1707640940352478,2.2543351179198616,0.3239495261023919,0.9947602826527722,True,True,True
hrp,fhs,0.99,256,2,2.5600000000000023,0.0078125,0.13379615165148,0.7145280786977191,0.0316208827023771,0.8588622855407908,0.1654170343538572,0.9206194528720782,1.335760672445741,True,True,True
hrp,gaussian,0.95,256,17,12.800000000000011,0.06640625,1.3210719657223002,0.2503997569568254,2.43064076640016,0.1189842531811837,3.75171273212246,0.1532236950723693,1.105381453380553,True,True,True
hrp,gaussian,0.99,256,4,2.5600000000000023,0.015625,0.6984941792499493,0.4032901348710984,0.1274954367070222,0.7210431220469655,0.8259896159569715,0.6616657182015742,1.403610598042461,True,True,True
hrp,historical,0.95,256,14,12.800000000000011,0.0546875,0.1150712586136712,0.7344428376844663,1.627472082362743,0.2020530518949052,1.7425433409764146,0.4184191195357994,0.881372517298428,True,True,True
hrp,historical,0.99,256,2,2.5600000000000023,0.0078125,0.13379615165148,0.7145280786977191,0.0316208827023771,0.8588622855407908,0.1654170343538572,0.9206194528720782,0.8219616831234222,True,True,True
inverse_vol,cornish_fisher,0.95,256,34,12.800000000000011,0.1328125,25.93443896139881,3.532111678069998e-07,0.7587830504573958,0.3837096323891429,26.693222011856207,1.5982344512950886e-06,0.907501374657024,False,True,False
inverse_vol,cornish_fisher,0.99,256,1,2.5600000000000023,0.00390625,1.2495681145232682,0.2636349810958321,0.0078740360894009,0.9292919078332574,1.2574421506126692,0.5332733815650498,0.725024256241829,True,True,True
inverse_vol,fhs,0.95,256,13,12.800000000000011,0.05078125,0.0032733687238319,0.9543752347293988,1.397366738966653,0.2371649623380014,1.400640107690485,0.4964263951864515,1.0324930065297493,True,True,True
inverse_vol,fhs,0.99,256,3,2.5600000000000023,0.01171875,0.0723945123981888,0.787881753884955,0.0714302587070392,0.7892655959031332,0.143824771105228,0.9306124273330352,1.177465877008024,True,True,True
inverse_vol,gaussian,0.95,256,16,12.800000000000011,0.0625,0.7828848020447978,0.3762603143367605,2.143862455486129,0.1431410997121679,2.926747257530927,0.2314541158516281,1.1208022026386604,True,True,True
inverse_vol,gaussian,0.99,256,4,2.5600000000000023,0.015625,0.6984941792499493,0.4032901348710984,0.1274954367070222,0.7210431220469655,0.8259896159569715,0.6616657182015742,1.4064059637343596,True,True,True
inverse_vol,historical,0.95,256,14,12.800000000000011,0.0546875,0.1150712586136712,0.7344428376844663,1.627472082362743,0.2020530518949052,1.7425433409764146,0.4184191195357994,0.9309038908452458,True,True,True
inverse_vol,historical,0.99,256,2,2.5600000000000023,0.0078125,0.13379615165148,0.7145280786977191,0.0316208827023771,0.8588622855407908,0.1654170343538572,0.9206194528720782,0.8760224374951467,True,True,True
max_sharpe,cornish_fisher,0.95,256,32,12.800000000000011,0.125,21.7999388297824,3.0260978194307425e-06,0.3599480570173909,0.5485350847150257,22.15988688679979,1.5418485004366286e-05,0.9462519240110416,False,True,False
max_sharpe,cornish_fisher,0.99,256,1,2.5600000000000023,0.00390625,1.2495681145232682,0.2636349810958321,0.0078740360894009,0.9292919078332574,1.2574421506126692,0.5332733815650498,0.6492686159362229,True,True,True
max_sharpe,fhs,0.95,256,15,12.800000000000011,0.05859375,0.3781125034451058,0.5386151275510649,0.017059685880767,0.8960816699717677,0.3951721893258728,0.8207094788800159,1.0241283954258074,True,True,True
max_sharpe,fhs,0.99,256,3,2.5600000000000023,0.01171875,0.0723945123981888,0.787881753884955,0.0714302587070392,0.7892655959031332,0.143824771105228,0.9306124273330352,1.314127833328245,True,True,True
max_sharpe,gaussian,0.95,256,17,12.800000000000011,0.06640625,1.3210719657223002,0.2503997569568254,0.0186550743687945,0.8913599559921236,1.3397270400910948,0.5117784205158895,1.126183506817244,True,True,True
max_sharpe,gaussian,0.99,256,5,2.5600000000000023,0.01953125,1.837873453299164,0.1752003961644509,0.2000133354671334,0.654710082229818,2.037886788766297,0.3609761481700633,1.35182431193456,True,True,True
max_sharpe,historical,0.95,256,15,12.800000000000011,0.05859375,0.3781125034451058,0.5386151275510649,0.017059685880767,0.8960816699717677,0.3951721893258728,0.8207094788800159,1.018333840528312,True,True,True
max_sharpe,historical,0.99,256,4,2.5600000000000023,0.015625,0.6984941792499493,0.4032901348710984,0.1274954367070222,0.7210431220469655,0.8259896159569715,0.6616657182015742,0.920843690778273,True,True,True
min_variance,cornish_fisher,0.95,256,36,12.800000000000011,0.140625,30.340405616752523,3.624955399512396e-08,0.3300187248022439,0.5656480624405277,30.670424341554767,2.1877715751436755e-07,0.9115227174762794,False,True,False
min_variance,cornish_fisher,0.99,256,0,2.5600000000000023,0.0,5.145771956992743,0.0233030473470785,0.0,1.0,5.145771956992743,0.0763149839065937,,False,True,True
min_variance,fhs,0.95,256,15,12.800000000000011,0.05859375,0.3781125034451058,0.5386151275510649,0.017059685880767,0.8960816699717677,0.3951721893258728,0.8207094788800159,0.9894984909493448,True,True,True
min_variance,fhs,0.99,256,3,2.5600000000000023,0.01171875,0.0723945123981888,0.787881753884955,0.0714302587070392,0.7892655959031332,0.143824771105228,0.9306124273330352,1.1916707245668507,True,True,True
min_variance,gaussian,0.95,256,15,12.800000000000011,0.05859375,0.3781125034451058,0.5386151275510649,0.017059685880767,0.8960816699717677,0.3951721893258728,0.8207094788800159,1.1300915114807777,True,True,True
min_variance,gaussian,0.99,256,5,2.5600000000000023,0.01953125,1.837873453299164,0.1752003961644509,0.2000133354671334,0.654710082229818,2.037886788766297,0.3609761481700633,1.2681800772604928,True,True,True
min_variance,historical,0.95,256,15,12.800000000000011,0.05859375,0.3781125034451058,0.5386151275510649,0.017059685880767,0.8960816699717677,0.3951721893258728,0.8207094788800159,0.9595479073082254,True,True,True
min_variance,historical,0.99,256,4,2.5600000000000023,0.015625,0.6984941792499493,0.4032901348710984,0.1274954367070222,0.7210431220469655,0.8259896159569715,0.6616657182015742,0.8513700366861424,True,True,True
risk_parity,cornish_fisher,0.95,256,33,12.800000000000011,0.12890625,23.832396905875573,1.0509860136255996e-06,1.883346406848318,0.1699542937332437,25.71574331272389,2.6055372751624364e-06,0.917485307606908,False,True,False
risk_parity,cornish_fisher,0.99,256,1,2.5600000000000023,0.00390625,1.2495681145232682,0.2636349810958321,0.0078740360894009,0.9292919078332574,1.2574421506126692,0.5332733815650498,0.7305590188011636,True,True,True
risk_parity,fhs,0.95,256,13,12.800000000000011,0.05078125,0.0032733687238319,0.9543752347293988,1.397366738966653,0.2371649623380014,1.400640107690485,0.4964263951864515,1.0325614395356677,True,True,True
risk_parity,fhs,0.99,256,3,2.5600000000000023,0.01171875,0.0723945123981888,0.787881753884955,0.0714302587070392,0.7892655959031332,0.143824771105228,0.9306124273330352,1.1788099653287043,True,True,True
risk_parity,gaussian,0.95,256,16,12.800000000000011,0.0625,0.7828848020447978,0.3762603143367605,2.143862455486129,0.1431410997121679,2.926747257530927,0.2314541158516281,1.1206978725629255,True,True,True
risk_parity,gaussian,0.99,256,4,2.5600000000000023,0.015625,0.6984941792499493,0.4032901348710984,0.1274954367070222,0.7210431220469655,0.8259896159569715,0.6616657182015742,1.4058223097796618,True,True,True
risk_parity,historical,0.95,256,14,12.800000000000011,0.0546875,0.1150712586136712,0.7344428376844663,1.627472082362743,0.2020530518949052,1.7425433409764146,0.4184191195357994,0.9355326545238564,True,True,True
risk_parity,historical,0.99,256,2,2.5600000000000023,0.0078125,0.13379615165148,0.7145280786977191,0.0316208827023771,0.8588622855407908,0.1654170343538572,0.9206194528720782,0.8817874334472583,True,True,True
sixty_forty,cornish_fisher,0.95,256,33,12.800000000000011,0.12890625,23.832396905875573,1.0509860136255996e-06,0.5414772047732299,0.4618211688991187,24.373874110648803,5.0965992451798185e-06,0.9099202642884656,False,True,False
sixty_forty,cornish_fisher,0.99,256,1,2.5600000000000023,0.00390625,1.2495681145232682,0.2636349810958321,0.0078740360894009,0.9292919078332574,1.2574421506126692,0.5332733815650498,0.7174660219787885,True,True,True
sixty_forty,fhs,0.95,256,15,12.800000000000011,0.05859375,0.3781125034451058,0.5386151275510649,1.876222614474756,0.1707640940352478,2.2543351179198616,0.3239495261023919,0.9898554765783272,True,True,True
sixty_forty,fhs,0.99,256,2,2.5600000000000023,0.0078125,0.13379615165148,0.7145280786977191,0.0316208827023771,0.8588622855407908,0.1654170343538572,0.9206194528720782,1.3616189228467233,True,True,True
sixty_forty,gaussian,0.95,256,17,12.800000000000011,0.06640625,1.3210719657223002,0.2503997569568254,2.43064076640016,0.1189842531811837,3.75171273212246,0.1532236950723693,1.1054060904165453,True,True,True
sixty_forty,gaussian,0.99,256,4,2.5600000000000023,0.015625,0.6984941792499493,0.4032901348710984,0.1274954367070222,0.7210431220469655,0.8259896159569715,0.6616657182015742,1.3894399911544697,True,True,True
sixty_forty,historical,0.95,256,14,12.800000000000011,0.0546875,0.1150712586136712,0.7344428376844663,1.627472082362743,0.2020530518949052,1.7425433409764146,0.4184191195357994,0.9227233072978896,True,True,True
sixty_forty,historical,0.99,256,2,2.5600000000000023,0.0078125,0.13379615165148,0.7145280786977191,0.0316208827023771,0.8588622855407908,0.1654170343538572,0.9206194528720782,0.8992810397769665,True,True,True
