month,equal_weight,sixty_forty,inverse_vol,min_variance,max_sharpe,risk_parity,hrp
2023-10-01,0.004019697391870025,0.004019697391870025,0.004019697391870025,0.004019697391870025,0.004019697391870025,0.004019697391870025,0.004019697391870025
2023-11-01,0.004389625666262997,0.004389625666262997,0.004389625666262997,0.004389625666262997,0.004389625666262997,0.004389625666262997,0.004389625666262997
2023-12-01,0.004154246794002336,0.004154246794002336,0.004154246794002336,0.004154246794002336,0.004154246794002336,0.004154246794002336,0.004154246794002336
2024-01-01,0.0043506147827454544,0.0043506147827454544,0.0043506147827454544,0.0043506147827454544,0.0043506147827454544,0.0043506147827454544,0.0043506147827454544
2024-02-01,0.004155840322583648,0.004155840322583648,0.004155840322583648,0.004155840322583648,0.004155840322583648,0.004155840322583648,0.004155840322583648
2024-03-01,0.004156955854337063,0.004156955854337063,0.004156955854337063,0.004156955854337063,0.004156955854337063,0.004156955854337063,0.004156955854337063
2024-04-01,0.0045785467454018125,0.0045785467454018125,0.0045785467454018125,0.0045785467454018125,0.0045785467454018125,0.0045785467454018125,0.0045785467454018125
2024-05-01,0.004586916514092376,0.004586916514092376,0.004586916514092376,0.004586916514092376,0.004586916514092376,0.004586916514092376,0.004586916514092376
2024-06-01,0.0039523009263309206,0.0039523009263309206,0.0039523009263309206,0.0039523009263309206,0.0039523009263309206,0.0039523009263309206,0.0039523009263309206
2024-07-01,0.004541441525677703,0.004541441525677703,0.004541441525677703,0.004541441525677703,0.004541441525677703,0.004541441525677703,0.004541441525677703
2024-08-01,0.004407937266550865,0.004407937266550865,0.004407937266550865,0.004407937266550865,0.004407937266550865,0.004407937266550865,0.004407937266550865
2024-09-01,0.0037420314855323156,0.0037420314855323156,0.0037420314855323156,0.0037420314855323156,0.0037420314855323156,0.0037420314855323156,0.0037420314855323156
2024-10-01,0.004115180705515531,0.004115180705515531,0.004115180705515531,0.004115180705515531,0.004115180705515531,0.004115180705515531,0.004115180705515531
2024-11-01,0.042760467887708487,0.037693113147324375,0.034108490510189604,0.026990019640755092,0.026990019640755092,0.032574916598840264,0.02606426559748476
2024-12-01,-0.031178838898477834,-0.025929457951073376,-0.02752866518559305,-0.024567081655882395,-0.023816297492422867,-0.027224104945152705,-0.029201724411170082
2025-01-01,0.025510180807191363,0.019524901433700892,0.022406238823249103,0.023319888952446854,0.01826532599330677,0.021582854642511418,0.022240505152654855
2025-02-01,-0.006991081643492825,0.0026746874810825716,0.0034753503387427997,0.013648149881153149,0.010326732848060516,0.004914310666672916,0.00551610184466389
2025-03-01,-0.038842925039848764,-0.030411065858077957,-0.027088437467621684,-0.018269613463808954,-0.021667983414835223,-0.025339249124482044,-0.023927928177281066
2025-04-01,0.005874567489253968,0.002581360327455373,0.008207562077842123,0.01136989214966011,0.00814444175700868,0.008736545840260623,0.008703323864082568
2025-05-01,0.04827779426513201,0.032738893925952306,0.03226606874627569,0.027903486139679856,0.028462418722033256,0.03183231770599737,0.031469048742113426
2025-06-01,0.04217434566992395,0.036580143827060985,0.03455149104906674,0.026594367147386277,0.026792506760780377,0.03411410590642561,0.03457339033689788
2025-07-01,0.00745314142409037,0.008176174339243225,0.0028712516792506193,-0.006145077512046182,-0.006145255076135836,0.0022488349354807813,0.0027770306118353183
2025-08-01,0.032799103876568036,0.02331947555467817,0.028994779178823205,0.028726108729816513,0.02744178647663742,0.029326093284092414,0.030143573002336943
2025-09-01,0.029666457163230575,0.023921484111816715,0.023182763510724014,0.018196038516237634,0.02000988657747782,0.022856472068545353,0.023048437127381582
2025-10-01,0.02167700098251224,0.01753534680775992,0.017367909797022074,0.012590094678201602,0.016136945124814117,0.0170878501246281,0.01713030615590383
2025-11-01,0.002821287886939139,0.00489090382214874,0.004917815864216912,0.0073017856926702596,0.005605677421536059,0.005093678470545093,0.005144397485388863
2025-12-01,0.0012669465692780602,-0.001851361574870758,5.106031145918344e-05,0.007951669850525533,0.007275188916730624,0.0005047953612757894,-0.0002628259969952307
2026-01-01,0.025681906863288306,0.012698166714852022,0.019104776895257913,0.02163111381570193,0.021167399062493875,0.019502578309327667,0.019773775554909
2026-02-01,0.009173878237321187,0.008485817477805524,0.014531277032168166,0.02662762138702357,0.02662762138702357,0.015393343276289828,0.014484940352897269
2026-03-01,-0.049962056951671885,-0.04086447966072804,-0.044048115258058296,-0.05069980160764043,-0.051300198299287225,-0.044494434680175776,-0.04380591003672718
2026-04-01,0.08673491690752,0.063185029955386,0.0627663415093127,0.045265439128550744,0.046479228853125276,0.06191852027979272,0.06369773350895969
2026-05-01,0.04546790294805336,0.03263009048496168,0.03358341324030789,0.02495791040383022,0.031148354050344773,0.03329598748771567,0.0331231380664363
2026-06-01,0.007059922355485471,-0.00020354676922140769,0.004442446415421575,-0.0021029728461430253,-0.0038112273813141195,0.004397439405868342,0.005756224781195751
2026-07-01,-0.018792397905207703,-0.010805174515025384,-0.0158367300671588,-0.002319743466267843,-0.012100430313514599,-0.015604932905180058,-0.016720235090140534
2026-08-01,0.019231167501337243,0.015722746169861246,0.014727035882961204,0.01470732106994066,0.01532053398496025,0.014678129330039313,0.014150934943905513
2026-09-01,-0.017749089536624685,-0.01817861819498101,-0.021797612221568285,-0.021354853207451785,-0.021970549438904308,-0.022002279626115895,-0.02327256648607845
2026-10-01,0.008004380051559679,0.011106581819486427,0.0073749454982554585,0.009199420410401338,0.009850602109477968,0.007301959081750464,0.007163684960537209
