date,strategy,return_net,dominant_asset,contribution
2025-04-04,equal_weight,-0.04525558871788592,EFA,-0.013057587180121384
2025-04-03,equal_weight,-0.03567390514766458,IWM,-0.01257871359339769
2025-04-10,equal_weight,-0.03079180756201179,SPY,-0.008687386172553251
2024-12-18,equal_weight,-0.028470898301602855,IWM,-0.008386279371404336
2026-06-05,equal_weight,-0.028051479355403267,QQQ,-0.009357371367031344
2025-03-10,equal_weight,-0.02143319257688779,QQQ,-0.007570460977505506
2025-10-10,equal_weight,-0.020843220932578427,QQQ,-0.0068964579201421855
2026-03-20,equal_weight,-0.018671472119998603,EFA,-0.005842463982625456
2026-03-26,equal_weight,-0.017528565186881843,QQQ,-0.0047804666539895645
2025-11-13,equal_weight,-0.01567015083274794,IWM,-0.0055104252125944084
2025-04-04,hrp,-0.03328923190226416,EFA,-0.012909902521284277
2025-04-10,hrp,-0.023363642423094452,SPY,-0.0061403140983105125
2025-04-03,hrp,-0.02247174816994833,IWM,-0.008827131263753863
2024-12-18,hrp,-0.022343865781115208,EFA,-0.00529111983972675
2026-06-05,hrp,-0.02205697959650922,QQQ,-0.006202382711551067
2026-03-20,hrp,-0.016443276244279943,EFA,-0.004829333311781148
2026-03-26,hrp,-0.015061137065312353,EFA,-0.0033248309414425498
2025-03-10,hrp,-0.013737526374658696,EFA,-0.004920671551381275
2025-10-10,hrp,-0.013718721160274942,IWM,-0.0046405199505402716
2026-05-15,hrp,-0.013420937517018647,IWM,-0.0036343727903937763
2025-04-04,inverse_vol,-0.034456962616078446,EFA,-0.011777940038445449
2025-04-10,inverse_vol,-0.024441481908115275,SPY,-0.0077721504805527445
2025-04-03,inverse_vol,-0.023726892455521464,SPY,-0.00870150932536501
2024-12-18,inverse_vol,-0.023674027660007365,SPY,-0.006002560555862838
2026-06-05,inverse_vol,-0.021923341268033934,QQQ,-0.0066210213885901795
2026-03-20,inverse_vol,-0.016428761297561333,EFA,-0.0050954943307597225
2026-03-26,inverse_vol,-0.01510479858134204,EFA,-0.0035096347185185547
2025-03-10,inverse_vol,-0.015010106040745347,SPY,-0.0049274586448009305
2025-10-10,inverse_vol,-0.013676083478657492,QQQ,-0.00453805065185705
2025-01-10,inverse_vol,-0.013233847606520308,SPY,-0.0029670608542269263
2025-04-04,max_sharpe,-0.03482545313641309,SPY,-0.02223855472721708
2025-04-10,max_sharpe,-0.023880501674779245,SPY,-0.01713430547881108
2026-06-05,max_sharpe,-0.02121569425904587,SPY,-0.010268653608497687
2024-12-18,max_sharpe,-0.02044964939054885,SPY,-0.011875093943871758
2025-04-03,max_sharpe,-0.01987875384190757,SPY,-0.019191716949293725
2026-03-20,max_sharpe,-0.018846827996218767,EFA,-0.01169202998870102
2026-03-03,max_sharpe,-0.015186938422383937,EFA,-0.01222929564421215
2026-03-26,max_sharpe,-0.014926879747412369,EFA,-0.008030449052734825
2025-03-10,max_sharpe,-0.012629964207517535,SPY,-0.010412238618489725
2025-04-21,max_sharpe,-0.012517043866830023,SPY,-0.009100804755263741
2025-04-04,min_variance,-0.03538914155135079,SPY,-0.01830529961718072
2025-04-10,min_variance,-0.022191703485575656,SPY,-0.01411404605061495
2024-12-18,min_variance,-0.019976272268158256,SPY,-0.011888749283868188
2026-03-20,min_variance,-0.018372783861922797,EFA,-0.011670178537496374
2026-06-05,min_variance,-0.01807169099445697,SPY,-0.01022457516940037
2025-04-03,min_variance,-0.017878244777813242,SPY,-0.015788119258566432
2026-03-26,min_variance,-0.014957032843031088,EFA,-0.008028938234115589
2026-03-03,min_variance,-0.014645776198960682,EFA,-0.01222257924450343
2025-03-10,min_variance,-0.012526487017032933,SPY,-0.009372344633797823
2025-01-10,min_variance,-0.012091099351691476,SPY,-0.005764495341710827
2025-04-04,risk_parity,-0.03369449097359366,EFA,-0.01312223760766457
2025-04-10,risk_parity,-0.023346681183798405,SPY,-0.007118150098384651
2024-12-18,risk_parity,-0.02243211084259831,SPY,-0.00532061626035558
2025-04-03,risk_parity,-0.021962569078980223,SPY,-0.007965884214586539
2026-06-05,risk_parity,-0.021696251605980967,QQQ,-0.006312742060323325
2026-03-20,risk_parity,-0.018740448444782728,EFA,-0.010774898920719757
2026-03-26,risk_parity,-0.015234176752009143,EFA,-0.007405242171926933
2026-03-03,risk_parity,-0.014747198632975925,EFA,-0.011283096301544074
2025-03-10,risk_parity,-0.013941270198829887,EFA,-0.004620186460112509
2026-05-15,risk_parity,-0.013038853899409479,IEF,-0.003126613482540795
2025-04-04,sixty_forty,-0.03306507169522339,SPY,-0.02228676121787829
2025-04-10,sixty_forty,-0.02684431414089204,SPY,-0.01716755412620103
2025-04-03,sixty_forty,-0.024975096909271546,SPY,-0.019268398454966158
2024-12-18,sixty_forty,-0.02205373073230478,SPY,-0.011901425835190407
2026-06-05,sixty_forty,-0.019728662587552973,SPY,-0.010241567441631894
2025-04-21,sixty_forty,-0.014772387454942576,SPY,-0.00918948938304786
2026-03-26,sixty_forty,-0.0144387236680889,SPY,-0.007062171798361385
2026-03-20,sixty_forty,-0.013951315430898514,SPY,-0.0056874275581221415
2025-10-10,sixty_forty,-0.013921487054432649,SPY,-0.010686043941757728
2025-03-10,sixty_forty,-0.013693836869687647,SPY,-0.010473581672860813
