strategy,period,cumulative_return
equal_weight,2023-present,0.4483439436841372
equal_weight,2024,0.0034011536298448
equal_weight,2025,0.2334619329142067
equal_weight,2026,0.1702303592310392
hrp,2023-present,0.4540921740422032
hrp,2024,0.003026784186302
hrp,2025,0.2529715732822002
hrp,2026,0.15701286693985
inverse_vol,2023-present,0.4571005940528678
inverse_vol,2024,0.0015958922076531
inverse_vol,2025,0.241912277528844
inverse_vol,2026,0.1714023204596924
max_sharpe,2023-present,0.4081830354395495
max_sharpe,2024,-0.0075460750751199
max_sharpe,2025,0.2319335734607941
max_sharpe,2026,0.1517585989397489
min_variance,2023-present,0.450844237996689
min_variance,2024,-0.0107488100955969
min_variance,2025,0.2723185348214318
min_variance,2026,0.1527054699597978
risk_parity,2023-present,0.457459705613974
risk_parity,2024,0.0010575135724681
risk_parity,2025,0.2429339797271124
risk_parity,2026,0.1713575090447627
sixty_forty,2023-present,0.4483439436841372
sixty_forty,2024,0.0034011536298448
sixty_forty,2025,0.2334619329142067
sixty_forty,2026,0.1702303592310392
