year,strategy,model,confidence,exceptions,expected_exceptions,exception_rate
2025,equal_weight,cornish_fisher,0.95,11,3.1000000000000028,0.1774193548387097
2025,equal_weight,cornish_fisher,0.99,1,0.6200000000000006,0.016129032258064516
2025,equal_weight,fhs,0.95,4,3.1000000000000028,0.06451612903225806
2025,equal_weight,fhs,0.99,1,0.6200000000000006,0.016129032258064516
2025,equal_weight,gaussian,0.95,5,3.1000000000000028,0.08064516129032258
2025,equal_weight,gaussian,0.99,1,0.6200000000000006,0.016129032258064516
2025,equal_weight,historical,0.95,4,3.1000000000000028,0.06451612903225806
2025,equal_weight,historical,0.99,1,0.6200000000000006,0.016129032258064516
2025,hrp,cornish_fisher,0.95,11,3.1000000000000028,0.1774193548387097
2025,hrp,cornish_fisher,0.99,1,0.6200000000000006,0.016129032258064516
2025,hrp,fhs,0.95,4,3.1000000000000028,0.06451612903225806
2025,hrp,fhs,0.99,1,0.6200000000000006,0.016129032258064516
2025,hrp,gaussian,0.95,4,3.1000000000000028,0.06451612903225806
2025,hrp,gaussian,0.99,1,0.6200000000000006,0.016129032258064516
2025,hrp,historical,0.95,4,3.1000000000000028,0.06451612903225806
2025,hrp,historical,0.99,1,0.6200000000000006,0.016129032258064516
2025,inverse_vol,cornish_fisher,0.95,11,3.1000000000000028,0.1774193548387097
2025,inverse_vol,cornish_fisher,0.99,1,0.6200000000000006,0.016129032258064516
2025,inverse_vol,fhs,0.95,4,3.1000000000000028,0.06451612903225806
2025,inverse_vol,fhs,0.99,1,0.6200000000000006,0.016129032258064516
2025,inverse_vol,gaussian,0.95,4,3.1000000000000028,0.06451612903225806
2025,inverse_vol,gaussian,0.99,1,0.6200000000000006,0.016129032258064516
2025,inverse_vol,historical,0.95,4,3.1000000000000028,0.06451612903225806
2025,inverse_vol,historical,0.99,1,0.6200000000000006,0.016129032258064516
2025,max_sharpe,cornish_fisher,0.95,10,3.1000000000000028,0.16129032258064516
2025,max_sharpe,cornish_fisher,0.99,1,0.6200000000000006,0.016129032258064516
2025,max_sharpe,fhs,0.95,3,3.1000000000000028,0.04838709677419355
2025,max_sharpe,fhs,0.99,1,0.6200000000000006,0.016129032258064516
2025,max_sharpe,gaussian,0.95,4,3.1000000000000028,0.06451612903225806
2025,max_sharpe,gaussian,0.99,1,0.6200000000000006,0.016129032258064516
2025,max_sharpe,historical,0.95,3,3.1000000000000028,0.04838709677419355
2025,max_sharpe,historical,0.99,1,0.6200000000000006,0.016129032258064516
2025,min_variance,cornish_fisher,0.95,11,3.1000000000000028,0.1774193548387097
2025,min_variance,cornish_fisher,0.99,0,0.6200000000000006,0.0
2025,min_variance,fhs,0.95,4,3.1000000000000028,0.06451612903225806
2025,min_variance,fhs,0.99,1,0.6200000000000006,0.016129032258064516
2025,min_variance,gaussian,0.95,4,3.1000000000000028,0.06451612903225806
2025,min_variance,gaussian,0.99,1,0.6200000000000006,0.016129032258064516
2025,min_variance,historical,0.95,3,3.1000000000000028,0.04838709677419355
2025,min_variance,historical,0.99,1,0.6200000000000006,0.016129032258064516
2025,risk_parity,cornish_fisher,0.95,11,3.1000000000000028,0.1774193548387097
2025,risk_parity,cornish_fisher,0.99,1,0.6200000000000006,0.016129032258064516
2025,risk_parity,fhs,0.95,4,3.1000000000000028,0.06451612903225806
2025,risk_parity,fhs,0.99,1,0.6200000000000006,0.016129032258064516
2025,risk_parity,gaussian,0.95,4,3.1000000000000028,0.06451612903225806
2025,risk_parity,gaussian,0.99,1,0.6200000000000006,0.016129032258064516
2025,risk_parity,historical,0.95,4,3.1000000000000028,0.06451612903225806
2025,risk_parity,historical,0.99,1,0.6200000000000006,0.016129032258064516
2025,sixty_forty,cornish_fisher,0.95,11,3.1000000000000028,0.1774193548387097
2025,sixty_forty,cornish_fisher,0.99,1,0.6200000000000006,0.016129032258064516
2025,sixty_forty,fhs,0.95,4,3.1000000000000028,0.06451612903225806
2025,sixty_forty,fhs,0.99,1,0.6200000000000006,0.016129032258064516
2025,sixty_forty,gaussian,0.95,5,3.1000000000000028,0.08064516129032258
2025,sixty_forty,gaussian,0.99,1,0.6200000000000006,0.016129032258064516
2025,sixty_forty,historical,0.95,4,3.1000000000000028,0.06451612903225806
2025,sixty_forty,historical,0.99,1,0.6200000000000006,0.016129032258064516
2026,equal_weight,cornish_fisher,0.95,22,9.700000000000008,0.1134020618556701
2026,equal_weight,cornish_fisher,0.99,0,1.9400000000000017,0.0
2026,equal_weight,fhs,0.95,11,9.700000000000008,0.05670103092783505
2026,equal_weight,fhs,0.99,1,1.9400000000000017,0.005154639175257732
2026,equal_weight,gaussian,0.95,12,9.700000000000008,0.061855670103092786
2026,equal_weight,gaussian,0.99,3,1.9400000000000017,0.015463917525773196
2026,equal_weight,historical,0.95,10,9.700000000000008,0.05154639175257732
2026,equal_weight,historical,0.99,1,1.9400000000000017,0.005154639175257732
2026,hrp,cornish_fisher,0.95,25,9.700000000000008,0.12886597938144329
2026,hrp,cornish_fisher,0.99,0,1.9400000000000017,0.0
2026,hrp,fhs,0.95,11,9.700000000000008,0.05670103092783505
2026,hrp,fhs,0.99,1,1.9400000000000017,0.005154639175257732
2026,hrp,gaussian,0.95,13,9.700000000000008,0.06701030927835051
2026,hrp,gaussian,0.99,3,1.9400000000000017,0.015463917525773196
2026,hrp,historical,0.95,10,9.700000000000008,0.05154639175257732
2026,hrp,historical,0.99,1,1.9400000000000017,0.005154639175257732
2026,inverse_vol,cornish_fisher,0.95,23,9.700000000000008,0.11855670103092783
2026,inverse_vol,cornish_fisher,0.99,0,1.9400000000000017,0.0
2026,inverse_vol,fhs,0.95,9,9.700000000000008,0.04639175257731959
2026,inverse_vol,fhs,0.99,2,1.9400000000000017,0.010309278350515464
2026,inverse_vol,gaussian,0.95,12,9.700000000000008,0.061855670103092786
2026,inverse_vol,gaussian,0.99,3,1.9400000000000017,0.015463917525773196
2026,inverse_vol,historical,0.95,10,9.700000000000008,0.05154639175257732
2026,inverse_vol,historical,0.99,1,1.9400000000000017,0.005154639175257732
2026,max_sharpe,cornish_fisher,0.95,22,9.700000000000008,0.1134020618556701
2026,max_sharpe,cornish_fisher,0.99,0,1.9400000000000017,0.0
2026,max_sharpe,fhs,0.95,12,9.700000000000008,0.061855670103092786
2026,max_sharpe,fhs,0.99,2,1.9400000000000017,0.010309278350515464
2026,max_sharpe,gaussian,0.95,13,9.700000000000008,0.06701030927835051
2026,max_sharpe,gaussian,0.99,4,1.9400000000000017,0.020618556701030927
2026,max_sharpe,historical,0.95,12,9.700000000000008,0.061855670103092786
2026,max_sharpe,historical,0.99,3,1.9400000000000017,0.015463917525773196
2026,min_variance,cornish_fisher,0.95,25,9.700000000000008,0.12886597938144329
2026,min_variance,cornish_fisher,0.99,0,1.9400000000000017,0.0
2026,min_variance,fhs,0.95,11,9.700000000000008,0.05670103092783505
2026,min_variance,fhs,0.99,2,1.9400000000000017,0.010309278350515464
2026,min_variance,gaussian,0.95,11,9.700000000000008,0.05670103092783505
2026,min_variance,gaussian,0.99,4,1.9400000000000017,0.020618556701030927
2026,min_variance,historical,0.95,12,9.700000000000008,0.061855670103092786
2026,min_variance,historical,0.99,3,1.9400000000000017,0.015463917525773196
2026,risk_parity,cornish_fisher,0.95,22,9.700000000000008,0.1134020618556701
2026,risk_parity,cornish_fisher,0.99,0,1.9400000000000017,0.0
2026,risk_parity,fhs,0.95,9,9.700000000000008,0.04639175257731959
2026,risk_parity,fhs,0.99,2,1.9400000000000017,0.010309278350515464
2026,risk_parity,gaussian,0.95,12,9.700000000000008,0.061855670103092786
2026,risk_parity,gaussian,0.99,3,1.9400000000000017,0.015463917525773196
2026,risk_parity,historical,0.95,10,9.700000000000008,0.05154639175257732
2026,risk_parity,historical,0.99,1,1.9400000000000017,0.005154639175257732
2026,sixty_forty,cornish_fisher,0.95,22,9.700000000000008,0.1134020618556701
2026,sixty_forty,cornish_fisher,0.99,0,1.9400000000000017,0.0
2026,sixty_forty,fhs,0.95,11,9.700000000000008,0.05670103092783505
2026,sixty_forty,fhs,0.99,1,1.9400000000000017,0.005154639175257732
2026,sixty_forty,gaussian,0.95,12,9.700000000000008,0.061855670103092786
2026,sixty_forty,gaussian,0.99,3,1.9400000000000017,0.015463917525773196
2026,sixty_forty,historical,0.95,10,9.700000000000008,0.05154639175257732
2026,sixty_forty,historical,0.99,1,1.9400000000000017,0.005154639175257732
