year,strategy,total_turnover,total_cost_drag,annualized_turnover
2023,equal_weight,0.0,0.0,0.0
2023,hrp,0.0,0.0,0.0
2023,inverse_vol,0.0,0.0,0.0
2023,max_sharpe,0.0,0.0,0.0
2023,min_variance,0.0,0.0,0.0
2023,risk_parity,0.0,0.0,0.0
2023,sixty_forty,0.0,0.0,0.0
2024,equal_weight,1.0393914057897804,0.0007275739840528463,1.0393914057897804
2024,hrp,1.4978587098302298,0.0010485010968811,1.4978587098302298
2024,inverse_vol,1.0386368200580312,0.0007270457740405218,1.0386368200580312
2024,max_sharpe,1.3181449630722202,0.0009227014741505001,1.3181449630722202
2024,min_variance,1.0320979712559124,0.0007224685798791387,1.0320979712559124
2024,risk_parity,1.0465287968286583,0.0007325701577800608,1.0465287968286583
2024,sixty_forty,1.0393914057897804,0.0007275739840528463,1.0393914057897804
2025,equal_weight,0.18683928084994803,0.00013078749659496398,0.1883339950967476
2025,hrp,0.8369802548123236,0.0005858861783685529,0.8436760968508222
2025,inverse_vol,0.2634404361299494,0.00018440830529096498,0.26554795961898897
2025,max_sharpe,3.7747892761316506,0.0026423524932917028,3.804987590340704
2025,min_variance,0.5268510231156727,0.0003687957161809486,0.531065831300598
2025,risk_parity,0.2533244618194235,0.00017732712327359697,0.2553510575139789
2025,sixty_forty,0.18683928084994803,0.00013078749659496398,0.1883339950967476
2026,equal_weight,0.1893708814464816,0.00013255961701253737,0.24598691816759466
2026,hrp,1.19770050012631,0.0008383903500883351,1.5557759073805675
2026,inverse_vol,0.34916771136969094,0.0002444173979587839,0.453558058067846
2026,max_sharpe,2.8732708513651035,0.0020112895959552685,3.73228997187632
2026,min_variance,1.2977617955941467,0.0009084332569157048,1.6857524355140463
2026,risk_parity,0.3602700852890664,0.00025218905970234685,0.46797969841672543
2026,sixty_forty,0.1893708814464816,0.00013255961701253737,0.24598691816759466
