strategy,asset,weight,marginal_var,component_var,risk_contribution_pct
equal_weight,SPY,0.2,0.013096436374017235,0.002619287274803447,0.1931838294222172
equal_weight,QQQ,0.2,0.019498012605291812,0.0038996025210583625,0.2876126477188792
equal_weight,IWM,0.2,0.015019163396963225,0.003003832679392645,0.22154572563722164
equal_weight,EFA,0.2,0.01584348635443505,0.0031686972708870106,0.23370520635832773
equal_weight,IEF,0.2,0.004335513172611081,0.0008671026345222163,0.06395259086335425
sixty_forty,SPY,0.4,0.013329159786413941,0.005331663914565576,0.5013836086517396
sixty_forty,QQQ,0.0666666666666666,0.018756896336706862,0.0012504597557804562,0.11759181277615521
sixty_forty,IWM,0.0666666666666666,0.013679993088815342,0.0009119995392543552,0.08576339908276646
sixty_forty,EFA,0.0666666666666666,0.014688846097346692,0.0009792564064897784,0.09208815835894359
sixty_forty,IEF,0.4,0.0054013047419277605,0.0021605218967711043,0.2031730211303952
inverse_vol,SPY,0.1836153773301234,0.01277173074552627,0.002345086159998544,0.2087004647097941
inverse_vol,QQQ,0.1275246539043862,0.01837199728984108,0.002342882595919305,0.20850435897380898
inverse_vol,IWM,0.1348681559109725,0.014787591968474036,0.001994375259152001,0.17748901958936855
inverse_vol,EFA,0.1539918128545177,0.015602230598203511,0.002402615774391585,0.21382030101397934
inverse_vol,IEF,0.4,0.005379130692073111,0.0021516522768292444,0.1914858557130492
min_variance,SPY,0.4,0.01299077493638458,0.005196309974553832,0.4921271205786762
min_variance,QQQ,0.0,0.017453534638786548,0.0,0.0
min_variance,IWM,0.0,0.013354442013102296,0.0,0.0
min_variance,EFA,0.1999999999999999,0.01581509681212046,0.0031630193624240903,0.29956019151802465
min_variance,IEF,0.4,0.005498870376749434,0.002199548150699774,0.20831268790329896
max_sharpe,SPY,0.4,0.013446496682241807,0.005378598672896723,0.49699041217669376
max_sharpe,QQQ,0.0889659607064821,0.0190742384098076,0.0016969579448730147,0.15680140493076508
max_sharpe,IWM,4.4408920985006246e-17,0.012968826944349109,5.759316110398196e-19,5.3216926222553154e-17
max_sharpe,EFA,0.1110340392935177,0.014822135554242081,0.001645761581543561,0.15207078581220765
max_sharpe,IEF,0.4,0.005252551763134758,0.0021010207052539033,0.1941373970803334
risk_parity,SPY,0.18813743670266,0.012746589055966793,0.0023981105916917713,0.2140714690832184
risk_parity,QQQ,0.1183584273558419,0.018244224478361895,0.002159357717585869,0.19275878288569195
risk_parity,IWM,0.1310914583050947,0.014783764603989958,0.0019380252611762843,0.17300116025413023
risk_parity,EFA,0.1624126776364816,0.015684807177390167,0.002547411531891842,0.22739907445507393
risk_parity,IEF,0.3999999999999218,0.005398694810106432,0.002159477924042151,0.19276951332188563
hrp,SPY,0.1669269652232838,0.012614119283840573,0.0021056366510160086,0.18721330150032744
hrp,QQQ,0.1221370995268788,0.018117592459339558,0.0022128301933937843,0.19674393773729426
hrp,IWM,0.1727807425687434,0.01513782565778866,0.002615524758028901,0.2325477308110899
hrp,EFA,0.1381551926810938,0.015529661793463219,0.0021455034173481317,0.19075787740879557
hrp,IEF,0.4,0.005419412097772693,0.0021677648391090773,0.19273715254249296
