factor,value,strategy,sharpe,cagr,max_drawdown,annualized_turnover
estimation_window,126,equal_weight,1.2466199741244766,0.2184063864462473,-0.1795324654205846,0.5106314370140654
estimation_window,126,sixty_forty,1.2466199741244766,0.2184063864462473,-0.1795324654205846,0.5106314370140654
estimation_window,126,inverse_vol,1.2799211793648302,0.2188320166870028,-0.1742906893101063,0.6873737695127361
estimation_window,126,min_variance,1.300992797898084,0.2060183152372148,-0.1488240760026182,1.3061549469139864
estimation_window,126,max_sharpe,1.0737289324466663,0.1894753888980531,-0.1897437513009527,4.219245449960884
estimation_window,126,risk_parity,1.2823637649931172,0.2193134572157464,-0.1732598748369883,0.6726405656601457
estimation_window,126,hrp,1.2270107524215448,0.2086606917351261,-0.1783866153487528,1.8083490468882972
estimation_window,504,equal_weight,1.0990536340899677,0.1874052217350221,-0.1036839359457196,0.4011103068145178
estimation_window,504,sixty_forty,1.0990536340899677,0.1874052217350221,-0.1036839359457196,0.4011103068145178
estimation_window,504,inverse_vol,1.1100002791731267,0.1867961193757865,-0.1047013517467302,0.4098853896294793
estimation_window,504,min_variance,1.0877715913118784,0.1709497739968555,-0.1081908975060573,0.4986939534911787
estimation_window,504,max_sharpe,1.049372658156256,0.1819740962394154,-0.1147945816623809,0.7961405313986709
estimation_window,504,risk_parity,1.106762665928258,0.187333560070301,-0.1051881374582999,0.4087692884979045
estimation_window,504,hrp,1.1406754349571806,0.1860707578641396,-0.1018612761630636,0.4298032576092943
rebalance_freq,quarterly,equal_weight,1.2506650828224648,0.2334156079816205,-0.178597667572098,0.4041176698938263
rebalance_freq,quarterly,sixty_forty,1.2506650828224648,0.2334156079816205,-0.178597667572098,0.4041176698938263
rebalance_freq,quarterly,inverse_vol,1.2957777475454124,0.2396401498388154,-0.1724962428804619,0.479841510781159
rebalance_freq,quarterly,min_variance,1.398977327397285,0.2491597516141082,-0.1477089470729919,0.8725665583692411
rebalance_freq,quarterly,max_sharpe,1.117405544766116,0.2048104795617313,-0.1909084694743541,1.4611103514985655
rebalance_freq,quarterly,risk_parity,1.296742147120899,0.2400397874764532,-0.1724033746822683,0.4782388476570761
rebalance_freq,quarterly,hrp,1.3757182507724166,0.2545097466208346,-0.1609653270620376,0.9052579391153524
cost_total_bps,0,equal_weight,1.1805285472436484,0.2129012706391801,-0.1795034262223082,0.4718671893620703
cost_total_bps,0,sixty_forty,1.1805285472436484,0.2129012706391801,-0.1795034262223082,0.4718671893620703
cost_total_bps,0,inverse_vol,1.2212099380263604,0.2168180961097443,-0.1734063577214536,0.5504149891858907
cost_total_bps,0,min_variance,1.280069390057943,0.2146268612883248,-0.1481739781098268,0.9522369299885776
cost_total_bps,0,max_sharpe,1.1472536509959652,0.1981318468820434,-0.1646666295665212,2.6554016968563245
cost_total_bps,0,risk_parity,1.2212958921497208,0.2169781094075142,-0.1731966963446226,0.5533744479790498
cost_total_bps,0,hrp,1.2276891097269098,0.216340118782464,-0.169855579098787,1.1775131549229547
cost_total_bps,15,equal_weight,1.1786785938943851,0.2125075357522658,-0.1795656524465457,0.4718671893620703
cost_total_bps,15,sixty_forty,1.1786785938943851,0.2125075357522658,-0.1795656524465457,0.4718671893620703
cost_total_bps,15,inverse_vol,1.218266351719739,0.2161997842848231,-0.1734765898343663,0.5504149891858907
cost_total_bps,15,min_variance,1.2712274300560724,0.2128707086180807,-0.1482228486299573,0.9522369299885776
cost_total_bps,15,max_sharpe,1.114909998497096,0.191624204634097,-0.1657435884334872,2.6554016968563245
cost_total_bps,15,risk_parity,1.2183180278556165,0.2163514053971755,-0.1732545248610431,0.5533744479790498
cost_total_bps,15,hrp,1.2163122085463234,0.213943163943804,-0.1704936066890764,1.1775131549229547
cost_total_bps,30,equal_weight,1.1768283059482372,0.2121139161091969,-0.1796278763112462,0.4718671893620703
cost_total_bps,30,sixty_forty,1.1768283059482372,0.2121139161091969,-0.1796278763112462,0.4718671893620703
cost_total_bps,30,inverse_vol,1.2153214934775636,0.2155817472571985,-0.1735468190962649,0.5504149891858907
cost_total_bps,30,min_variance,1.2623604261439456,0.2111164930498579,-0.1482717177482201,0.9522369299885776
cost_total_bps,30,max_sharpe,1.082443504590673,0.1851471702916527,-0.1668198986897778,2.6554016968563245
cost_total_bps,30,risk_parity,1.2153388183298184,0.2157249830318028,-0.1733123514866402,0.5533744479790498
cost_total_bps,30,hrp,1.2048889143535828,0.2115496415941007,-0.1711315854956886,1.1775131549229547
covariance_method,sample,equal_weight,1.1796652774335892,0.212717513348577,-0.1795324654205842,0.4718671893620703
covariance_method,sample,sixty_forty,1.1796652774335892,0.212717513348577,-0.1795324654205842,0.4718671893620703
covariance_method,sample,inverse_vol,1.219836423295903,0.2165295163876561,-0.1734391330622724,0.5504149891858907
covariance_method,sample,min_variance,1.2710434958811043,0.2135243739519332,-0.1481967845270091,0.9562688345494476
covariance_method,sample,max_sharpe,1.1328425581686814,0.1944629679115155,-0.1642042685959569,2.543485506264137
covariance_method,sample,risk_parity,1.2204406046913896,0.2167238926302697,-0.1731379367297236,0.5568330327238245
covariance_method,sample,hrp,1.2223857388967352,0.2152211124763776,-0.1701533313784455,1.1775131549229547
covariance_method,ewma,equal_weight,1.1796652774335892,0.212717513348577,-0.1795324654205842,0.4718671893620703
covariance_method,ewma,sixty_forty,1.1796652774335892,0.212717513348577,-0.1795324654205842,0.4718671893620703
covariance_method,ewma,inverse_vol,1.219836423295903,0.2165295163876561,-0.1734391330622724,0.5504149891858907
covariance_method,ewma,min_variance,1.358758263585364,0.2253251736966044,-0.1485303819165209,3.422765710751767
covariance_method,ewma,max_sharpe,1.4179141733498415,0.2418917474407387,-0.1543504539743297,3.302654751923038
covariance_method,ewma,risk_parity,1.250170721613005,0.2189116673984779,-0.1712419385894596,1.1431788747150589
covariance_method,ewma,hrp,1.2223857388967352,0.2152211124763776,-0.1701533313784455,1.1775131549229547
max_weight,0.25,equal_weight,1.1796652774335892,0.212717513348577,-0.1795324654205842,0.4718671893620703
max_weight,0.25,sixty_forty,1.1796652774335892,0.212717513348577,-0.1795324654205842,0.4718671893620703
max_weight,0.25,inverse_vol,1.2155385920945398,0.2160109644496433,-0.1734391330622724,0.5402483679701502
max_weight,0.25,min_variance,1.262803631736311,0.2214504233638987,-0.1673114106178865,0.9018744433274556
max_weight,0.25,max_sharpe,1.1844483857265775,0.2095191565140013,-0.1671059434544195,1.3313429244838684
max_weight,0.25,risk_parity,1.217977804952855,0.2163753372258168,-0.173223683220921,0.5504589524905944
max_weight,0.25,hrp,1.187254837145752,0.2105691484247529,-0.1750873577019588,0.7848870097160955
max_weight,1.0,equal_weight,1.1796652774335892,0.212717513348577,-0.1795324654205842,0.4718671893620703
max_weight,1.0,sixty_forty,1.1796652774335892,0.212717513348577,-0.1795324654205842,0.4718671893620703
max_weight,1.0,inverse_vol,1.219836423295903,0.2165295163876561,-0.1734391330622724,0.5504149891858907
max_weight,1.0,min_variance,1.364705722658318,0.2287004763544446,-0.1511718731472265,1.3433615101168734
max_weight,1.0,max_sharpe,1.2148745551356293,0.2156266543298211,-0.1868655202761112,3.0222102011719856
max_weight,1.0,risk_parity,1.2199063901772045,0.2166856124798422,-0.173223683220921,0.5533744479790498
max_weight,1.0,hrp,1.2223857388967352,0.2152211124763776,-0.1701533313784455,1.1775131549229547
