strategy,scenario,start,end,static_weights_return,static_weights_max_drawdown,realized_strategy_return
equal_weight,Global Financial Crisis,2008-09-01,2009-03-09,-0.3878374094984457,-0.3842892015098269,
equal_weight,2011 Euro-crisis selloff,2011-07-22,2011-10-03,-0.14643142170910906,-0.14934649269108935,
equal_weight,Q4 2018 selloff,2018-09-20,2018-12-24,-0.15765662845163075,-0.16449269780535503,
equal_weight,COVID crash,2020-02-19,2020-03-23,-0.264351672678649,-0.2676717905535254,
equal_weight,2022 rates and inflation shock,2022-01-03,2022-10-14,-0.24996185106643554,-0.25376715923553206,
sixty_forty,Global Financial Crisis,2008-09-01,2009-03-09,-0.27769312355229536,-0.27611981099845806,
sixty_forty,2011 Euro-crisis selloff,2011-07-22,2011-10-03,-0.07952117653770707,-0.0894621859836966,
sixty_forty,Q4 2018 selloff,2018-09-20,2018-12-24,-0.10755163890025421,-0.11239934706407262,
sixty_forty,COVID crash,2020-02-19,2020-03-23,-0.18924777983776797,-0.19170993669058523,
sixty_forty,2022 rates and inflation shock,2022-01-03,2022-10-14,-0.21636273478878343,-0.21677660552145506,
inverse_vol,Global Financial Crisis,2008-09-01,2009-03-09,-0.28450263084234007,-0.28238593602553463,
inverse_vol,2011 Euro-crisis selloff,2011-07-22,2011-10-03,-0.08796753309376815,-0.09360573044342169,
inverse_vol,Q4 2018 selloff,2018-09-20,2018-12-24,-0.11081537161706345,-0.11620169710986539,
inverse_vol,COVID crash,2020-02-19,2020-03-23,-0.18983602105923036,-0.19245014209504707,
inverse_vol,2022 rates and inflation shock,2022-01-03,2022-10-14,-0.2259112257613607,-0.22692196012265553,
min_variance,Global Financial Crisis,2008-09-01,2009-03-09,-0.27829901371513344,-0.27584385906396536,
min_variance,2011 Euro-crisis selloff,2011-07-22,2011-10-03,-0.08286366636565468,-0.08709690122243363,
min_variance,Q4 2018 selloff,2018-09-20,2018-12-24,-0.09587755415373012,-0.10105586019677781,
min_variance,COVID crash,2020-02-19,2020-03-23,-0.18688196499310084,-0.18891850352931827,
min_variance,2022 rates and inflation shock,2022-01-03,2022-10-14,-0.21395021137161152,-0.21448628943519976,
max_sharpe,Global Financial Crisis,2008-09-01,2009-03-09,-0.272816120910122,-0.2705414064127687,
max_sharpe,2011 Euro-crisis selloff,2011-07-22,2011-10-03,-0.07370975133644275,-0.08504290095703959,
max_sharpe,Q4 2018 selloff,2018-09-20,2018-12-24,-0.10137286228995979,-0.10641375039583001,
max_sharpe,COVID crash,2020-02-19,2020-03-23,-0.18130789946643777,-0.1838103943535101,
max_sharpe,2022 rates and inflation shock,2022-01-03,2022-10-14,-0.2202277597621488,-0.22036072207658863,
risk_parity,Global Financial Crisis,2008-09-01,2009-03-09,-0.2846995756849895,-0.28255209043120033,
risk_parity,2011 Euro-crisis selloff,2011-07-22,2011-10-03,-0.08847172976696271,-0.0935632427319737,
risk_parity,Q4 2018 selloff,2018-09-20,2018-12-24,-0.10999850605821315,-0.11539394990460672,
risk_parity,COVID crash,2020-02-19,2020-03-23,-0.19008600536974218,-0.19265307967402356,
risk_parity,2022 rates and inflation shock,2022-01-03,2022-10-14,-0.22523128306248363,-0.22619947409651586,
hrp,Global Financial Crisis,2008-09-01,2009-03-09,-0.2874034297559519,-0.2855848772962579,
hrp,2011 Euro-crisis selloff,2011-07-22,2011-10-03,-0.09134978224377832,-0.09605469930171584,
hrp,Q4 2018 selloff,2018-09-20,2018-12-24,-0.11412384971863565,-0.11945488068133481,
hrp,COVID crash,2020-02-19,2020-03-23,-0.19370118012912618,-0.19631100787517852,
hrp,2022 rates and inflation shock,2022-01-03,2022-10-14,-0.22485059454744927,-0.22604667973459647,
