strategy,rho_floor,portfolio_volatility,var_99,increase_vs_baseline,var_99_increase
equal_weight,baseline,0.008032032621600575,0.018685302013487178,0.0,0.0
equal_weight,0.5,0.00813631766768054,0.018927905308729554,0.00010428504607996533,0.00024260329524237664
equal_weight,0.8,0.008459198073860936,0.019679037455216764,0.0004271654522603613,0.000993735441729586
equal_weight,0.95,0.008943528914261804,0.020805759476115737,0.0009114962926612298,0.0021204574626285597
sixty_forty,baseline,0.005807638914578335,0.013510588442126166,0.0,0.0
sixty_forty,0.5,0.00600955928591691,0.013980325468715197,0.00020192037133857487,0.0004697370265890309
sixty_forty,0.8,0.006362356937724109,0.014801055535963474,0.0005547180231457735,0.0012904670938373077
sixty_forty,0.95,0.006669743780473669,0.01551614426410204,0.0008621048658953336,0.0020055558219758737
inverse_vol,baseline,0.0062761630182606495,0.014600538494664408,0.0,0.0
inverse_vol,0.5,0.006466184724693617,0.015042595087446355,0.0001900217064329671,0.0004420565927819465
inverse_vol,0.8,0.006889253626718137,0.01602680052824389,0.0006130906084574877,0.0014262620335794823
inverse_vol,0.95,0.007308109794262235,0.017001205683138995,0.0010319467760015856,0.002400667188474587
min_variance,baseline,0.005603049770833354,0.013034642922523194,0.0,0.0
min_variance,0.5,0.0057540158812950945,0.013385842612648078,0.00015096611046174022,0.0003511996901248843
min_variance,0.8,0.006092876009099022,0.014174149150561954,0.0004898262382656681,0.00113950622803876
min_variance,0.95,0.006405687456537689,0.014901857396286532,0.0008026376857043346,0.0018672144737633383
max_sharpe,baseline,0.005786291981710781,0.013460928050232438,0.0,0.0
max_sharpe,0.5,0.00598248137440098,0.013917332826826648,0.0001961893926901992,0.0004564047765942096
max_sharpe,0.8,0.006335541605640588,0.014738673745179277,0.000549249623929807,0.0012777456949468382
max_sharpe,0.95,0.006616956184181383,0.015393341951691755,0.000830664202470602,0.001932413901459316
risk_parity,baseline,0.006245407959920887,0.0145289915300797,0.0,0.0
risk_parity,0.5,0.006431561809836647,0.014962050143075747,0.00018615384991575983,0.00043305861299604634
risk_parity,0.8,0.006852485067046528,0.0159412640676203,0.000607077107125641,0.001412272537540598
risk_parity,0.95,0.007270916262287033,0.016914680589100416,0.0010255083023661456,0.0023856890590207153
hrp,baseline,0.006346300329301019,0.014763702279094112,0.0,0.0
hrp,0.5,0.006537813518679756,0.01520922858005612,0.00019151318937873744,0.00044552630096200696
hrp,0.8,0.006963291693022698,0.0161990388263896,0.0006169913637216794,0.001435336547295489
hrp,0.95,0.007389337809638094,0.01719017030402118,0.001043037480337075,0.0024264680249270684
