strategy,period,return
equal_weight,2024,0.010779467569348666
equal_weight,2025,0.18214948871847447
equal_weight,2026,0.11410915553822498
equal_weight,2023-present,0.3312405970311849
sixty_forty,2024,0.011317636275592013
sixty_forty,2025,0.14692903518250566
sixty_forty,2026,0.07246086096469573
sixty_forty,2023-present,0.2439576062560187
inverse_vol,2024,0.00616950236790248
inverse_vol,2025,0.1602180081758362
inverse_vol,2026,0.07316114372127314
inverse_vol,2023-present,0.25278253747593715
min_variance,2024,0.002286470094197135
min_variance,2025,0.16315947537845
min_variance,2026,0.0642983517909308
min_variance,2023-present,0.24077924522460648
max_sharpe,2024,0.00305792325601395
max_sharpe,2025,0.14872364367879332
max_sharpe,2026,0.05914917268812059
max_sharpe,2023-present,0.22039017941055938
risk_parity,2024,0.004992008312533436
risk_parity,2025,0.16235521872503744
risk_parity,2026,0.07268608174696545
risk_parity,2023-present,0.25306651212445463
hrp,2024,-0.0033749566845454604
hrp,2025,0.1665253507869906
hrp,2026,0.07253553890570297
hrp,2023-present,0.24691735279901472
