date,equal_weight,sixty_forty,inverse_vol,min_variance,max_sharpe,risk_parity,hrp
2023-10-05,0.0,0.0,0.0,0.0,0.0,0.0,0.0
2023-10-06,0.0,0.0,0.0,0.0,0.0,0.0,0.0
2023-10-09,0.0,0.0,0.0,0.0,0.0,0.0,0.0
2023-10-10,0.0,0.0,0.0,0.0,0.0,0.0,0.0
2023-10-11,0.0,0.0,0.0,0.0,0.0,0.0,0.0
2023-10-12,0.0,0.0,0.0,0.0,0.0,0.0,0.0
2023-10-13,0.0,0.0,0.0,0.0,0.0,0.0,0.0
2023-10-16,0.0,0.0,0.0,0.0,0.0,0.0,0.0
2023-10-17,0.0,0.0,0.0,0.0,0.0,0.0,0.0
2023-10-18,0.0,0.0,0.0,0.0,0.0,0.0,0.0
2023-10-19,0.0,0.0,0.0,0.0,0.0,0.0,0.0
2023-10-20,0.0,0.0,0.0,0.0,0.0,0.0,0.0
2023-10-23,0.0,0.0,0.0,0.0,0.0,0.0,0.0
2023-10-24,0.0,0.0,0.0,0.0,0.0,0.0,0.0
2023-10-25,0.0,0.0,0.0,0.0,0.0,0.0,0.0
2023-10-26,0.0,0.0,0.0,0.0,0.0,0.0,0.0
2023-10-27,0.0,0.0,0.0,0.0,0.0,0.0,0.0
2023-10-30,0.0,0.0,0.0,0.0,0.0,0.0,0.0
2023-10-31,0.0,0.0,0.0,0.0,0.0,0.0,0.0
2023-11-01,0.0,0.0,0.0,0.0,0.0,0.0,0.0
2023-11-02,0.0,0.0,0.0,0.0,0.0,0.0,0.0
2023-11-03,0.0,0.0,0.0,0.0,0.0,0.0,0.0
2023-11-06,0.0,0.0,0.0,0.0,0.0,0.0,0.0
2023-11-07,0.0,0.0,0.0,0.0,0.0,0.0,0.0
2023-11-08,0.0,0.0,0.0,0.0,0.0,0.0,0.0
2023-11-09,0.0,0.0,0.0,0.0,0.0,0.0,0.0
2023-11-10,0.0,0.0,0.0,0.0,0.0,0.0,0.0
2023-11-13,0.0,0.0,0.0,0.0,0.0,0.0,0.0
2023-11-14,0.0,0.0,0.0,0.0,0.0,0.0,0.0
2023-11-15,0.0,0.0,0.0,0.0,0.0,0.0,0.0
2023-11-16,0.0,0.0,0.0,0.0,0.0,0.0,0.0
2023-11-17,0.0,0.0,0.0,0.0,0.0,0.0,0.0
2023-11-20,0.0,0.0,0.0,0.0,0.0,0.0,0.0
2023-11-21,0.0,0.0,0.0,0.0,0.0,0.0,0.0
2023-11-22,0.0,0.0,0.0,0.0,0.0,0.0,0.0
2023-11-24,0.0,0.0,0.0,0.0,0.0,0.0,0.0
2023-11-27,0.0,0.0,0.0,0.0,0.0,0.0,0.0
2023-11-28,0.0,0.0,0.0,0.0,0.0,0.0,0.0
2023-11-29,0.0,0.0,0.0,0.0,0.0,0.0,0.0
2023-11-30,0.0,0.0,0.0,0.0,0.0,0.0,0.0
2023-12-01,0.0,0.0,0.0,0.0,0.0,0.0,0.0
2023-12-04,0.0,0.0,0.0,0.0,0.0,0.0,0.0
2023-12-05,0.0,0.0,0.0,0.0,0.0,0.0,0.0
2023-12-06,0.0,0.0,0.0,0.0,0.0,0.0,0.0
2023-12-07,0.0,0.0,0.0,0.0,0.0,0.0,0.0
2023-12-08,0.0,0.0,0.0,0.0,0.0,0.0,0.0
2023-12-11,0.0,0.0,0.0,0.0,0.0,0.0,0.0
2023-12-12,0.0,0.0,0.0,0.0,0.0,0.0,0.0
2023-12-13,0.0,0.0,0.0,0.0,0.0,0.0,0.0
2023-12-14,0.0,0.0,0.0,0.0,0.0,0.0,0.0
2023-12-15,0.0,0.0,0.0,0.0,0.0,0.0,0.0
2023-12-18,0.0,0.0,0.0,0.0,0.0,0.0,0.0
2023-12-19,0.0,0.0,0.0,0.0,0.0,0.0,0.0
2023-12-20,0.0,0.0,0.0,0.0,0.0,0.0,0.0
2023-12-21,0.0,0.0,0.0,0.0,0.0,0.0,0.0
2023-12-22,0.0,0.0,0.0,0.0,0.0,0.0,0.0
2023-12-26,0.0,0.0,0.0,0.0,0.0,0.0,0.0
2023-12-27,0.0,0.0,0.0,0.0,0.0,0.0,0.0
2023-12-28,0.0,0.0,0.0,0.0,0.0,0.0,0.0
2023-12-29,0.0,0.0,0.0,0.0,0.0,0.0,0.0
2024-01-02,0.0,0.0,0.0,0.0,0.0,0.0,0.0
2024-01-03,0.0,0.0,0.0,0.0,0.0,0.0,0.0
2024-01-04,0.0,0.0,0.0,0.0,0.0,0.0,0.0
2024-01-05,0.0,0.0,0.0,0.0,0.0,0.0,0.0
2024-01-08,0.0,0.0,0.0,0.0,0.0,0.0,0.0
2024-01-09,0.0,0.0,0.0,0.0,0.0,0.0,0.0
2024-01-10,0.0,0.0,0.0,0.0,0.0,0.0,0.0
2024-01-11,0.0,0.0,0.0,0.0,0.0,0.0,0.0
2024-01-12,0.0,0.0,0.0,0.0,0.0,0.0,0.0
2024-01-16,0.0,0.0,0.0,0.0,0.0,0.0,0.0
2024-01-17,0.0,0.0,0.0,0.0,0.0,0.0,0.0
2024-01-18,0.0,0.0,0.0,0.0,0.0,0.0,0.0
2024-01-19,0.0,0.0,0.0,0.0,0.0,0.0,0.0
2024-01-22,0.0,0.0,0.0,0.0,0.0,0.0,0.0
2024-01-23,0.0,0.0,0.0,0.0,0.0,0.0,0.0
2024-01-24,0.0,0.0,0.0,0.0,0.0,0.0,0.0
2024-01-25,0.0,0.0,0.0,0.0,0.0,0.0,0.0
2024-01-26,0.0,0.0,0.0,0.0,0.0,0.0,0.0
2024-01-29,0.0,0.0,0.0,0.0,0.0,0.0,0.0
2024-01-30,0.0,0.0,0.0,0.0,0.0,0.0,0.0
2024-01-31,0.0,0.0,0.0,0.0,0.0,0.0,0.0
2024-02-01,0.0,0.0,0.0,0.0,0.0,0.0,0.0
2024-02-02,0.0,0.0,0.0,0.0,0.0,0.0,0.0
2024-02-05,0.0,0.0,0.0,0.0,0.0,0.0,0.0
2024-02-06,0.0,0.0,0.0,0.0,0.0,0.0,0.0
2024-02-07,0.0,0.0,0.0,0.0,0.0,0.0,0.0
2024-02-08,0.0,0.0,0.0,0.0,0.0,0.0,0.0
2024-02-09,0.0,0.0,0.0,0.0,0.0,0.0,0.0
2024-02-12,0.0,0.0,0.0,0.0,0.0,0.0,0.0
2024-02-13,0.0,0.0,0.0,0.0,0.0,0.0,0.0
2024-02-14,0.0,0.0,0.0,0.0,0.0,0.0,0.0
2024-02-15,0.0,0.0,0.0,0.0,0.0,0.0,0.0
2024-02-16,0.0,0.0,0.0,0.0,0.0,0.0,0.0
2024-02-20,0.0,0.0,0.0,0.0,0.0,0.0,0.0
2024-02-21,0.0,0.0,0.0,0.0,0.0,0.0,0.0
2024-02-22,0.0,0.0,0.0,0.0,0.0,0.0,0.0
2024-02-23,0.0,0.0,0.0,0.0,0.0,0.0,0.0
2024-02-26,0.0,0.0,0.0,0.0,0.0,0.0,0.0
2024-02-27,0.0,0.0,0.0,0.0,0.0,0.0,0.0
2024-02-28,0.0,0.0,0.0,0.0,0.0,0.0,0.0
2024-02-29,0.0,0.0,0.0,0.0,0.0,0.0,0.0
2024-03-01,0.0,0.0,0.0,0.0,0.0,0.0,0.0
2024-03-04,0.0,0.0,0.0,0.0,0.0,0.0,0.0
2024-03-05,0.0,0.0,0.0,0.0,0.0,0.0,0.0
2024-03-06,0.0,0.0,0.0,0.0,0.0,0.0,0.0
2024-03-07,0.0,0.0,0.0,0.0,0.0,0.0,0.0
2024-03-08,0.0,0.0,0.0,0.0,0.0,0.0,0.0
2024-03-11,0.0,0.0,0.0,0.0,0.0,0.0,0.0
2024-03-12,0.0,0.0,0.0,0.0,0.0,0.0,0.0
2024-03-13,0.0,0.0,0.0,0.0,0.0,0.0,0.0
2024-03-14,0.0,0.0,0.0,0.0,0.0,0.0,0.0
2024-03-15,0.0,0.0,0.0,0.0,0.0,0.0,0.0
2024-03-18,0.0,0.0,0.0,0.0,0.0,0.0,0.0
2024-03-19,0.0,0.0,0.0,0.0,0.0,0.0,0.0
2024-03-20,0.0,0.0,0.0,0.0,0.0,0.0,0.0
2024-03-21,0.0,0.0,0.0,0.0,0.0,0.0,0.0
2024-03-22,0.0,0.0,0.0,0.0,0.0,0.0,0.0
2024-03-25,0.0,0.0,0.0,0.0,0.0,0.0,0.0
2024-03-26,0.0,0.0,0.0,0.0,0.0,0.0,0.0
2024-03-27,0.0,0.0,0.0,0.0,0.0,0.0,0.0
2024-03-28,0.0,0.0,0.0,0.0,0.0,0.0,0.0
2024-04-01,0.0,0.0,0.0,0.0,0.0,0.0,0.0
2024-04-02,0.0,0.0,0.0,0.0,0.0,0.0,0.0
2024-04-03,0.0,0.0,0.0,0.0,0.0,0.0,0.0
2024-04-04,0.0,0.0,0.0,0.0,0.0,0.0,0.0
2024-04-05,0.0,0.0,0.0,0.0,0.0,0.0,0.0
2024-04-08,0.0,0.0,0.0,0.0,0.0,0.0,0.0
2024-04-09,0.0,0.0,0.0,0.0,0.0,0.0,0.0
2024-04-10,0.0,0.0,0.0,0.0,0.0,0.0,0.0
2024-04-11,0.0,0.0,0.0,0.0,0.0,0.0,0.0
2024-04-12,0.0,0.0,0.0,0.0,0.0,0.0,0.0
2024-04-15,0.0,0.0,0.0,0.0,0.0,0.0,0.0
2024-04-16,0.0,0.0,0.0,0.0,0.0,0.0,0.0
2024-04-17,0.0,0.0,0.0,0.0,0.0,0.0,0.0
2024-04-18,0.0,0.0,0.0,0.0,0.0,0.0,0.0
2024-04-19,0.0,0.0,0.0,0.0,0.0,0.0,0.0
2024-04-22,0.0,0.0,0.0,0.0,0.0,0.0,0.0
2024-04-23,0.0,0.0,0.0,0.0,0.0,0.0,0.0
2024-04-24,0.0,0.0,0.0,0.0,0.0,0.0,0.0
2024-04-25,0.0,0.0,0.0,0.0,0.0,0.0,0.0
2024-04-26,0.0,0.0,0.0,0.0,0.0,0.0,0.0
2024-04-29,0.0,0.0,0.0,0.0,0.0,0.0,0.0
2024-04-30,0.0,0.0,0.0,0.0,0.0,0.0,0.0
2024-05-01,0.0,0.0,0.0,0.0,0.0,0.0,0.0
2024-05-02,0.0,0.0,0.0,0.0,0.0,0.0,0.0
2024-05-03,0.0,0.0,0.0,0.0,0.0,0.0,0.0
2024-05-06,0.0,0.0,0.0,0.0,0.0,0.0,0.0
2024-05-07,0.0,0.0,0.0,0.0,0.0,0.0,0.0
2024-05-08,0.0,0.0,0.0,0.0,0.0,0.0,0.0
2024-05-09,0.0,0.0,0.0,0.0,0.0,0.0,0.0
2024-05-10,0.0,0.0,0.0,0.0,0.0,0.0,0.0
2024-05-13,0.0,0.0,0.0,0.0,0.0,0.0,0.0
2024-05-14,0.0,0.0,0.0,0.0,0.0,0.0,0.0
2024-05-15,0.0,0.0,0.0,0.0,0.0,0.0,0.0
2024-05-16,0.0,0.0,0.0,0.0,0.0,0.0,0.0
2024-05-17,0.0,0.0,0.0,0.0,0.0,0.0,0.0
2024-05-20,0.0,0.0,0.0,0.0,0.0,0.0,0.0
2024-05-21,0.0,0.0,0.0,0.0,0.0,0.0,0.0
2024-05-22,0.0,0.0,0.0,0.0,0.0,0.0,0.0
2024-05-23,0.0,0.0,0.0,0.0,0.0,0.0,0.0
2024-05-24,0.0,0.0,0.0,0.0,0.0,0.0,0.0
2024-05-28,0.0,0.0,0.0,0.0,0.0,0.0,0.0
2024-05-29,0.0,0.0,0.0,0.0,0.0,0.0,0.0
2024-05-30,0.0,0.0,0.0,0.0,0.0,0.0,0.0
2024-05-31,0.0,0.0,0.0,0.0,0.0,0.0,0.0
2024-06-03,0.0,0.0,0.0,0.0,0.0,0.0,0.0
2024-06-04,0.0,0.0,0.0,0.0,0.0,0.0,0.0
2024-06-05,0.0,0.0,0.0,0.0,0.0,0.0,0.0
2024-06-06,0.0,0.0,0.0,0.0,0.0,0.0,0.0
2024-06-07,0.0,0.0,0.0,0.0,0.0,0.0,0.0
2024-06-10,0.0,0.0,0.0,0.0,0.0,0.0,0.0
2024-06-11,0.0,0.0,0.0,0.0,0.0,0.0,0.0
2024-06-12,0.0,0.0,0.0,0.0,0.0,0.0,0.0
2024-06-13,0.0,0.0,0.0,0.0,0.0,0.0,0.0
2024-06-14,0.0,0.0,0.0,0.0,0.0,0.0,0.0
2024-06-17,0.0,0.0,0.0,0.0,0.0,0.0,0.0
2024-06-18,0.0,0.0,0.0,0.0,0.0,0.0,0.0
2024-06-20,0.0,0.0,0.0,0.0,0.0,0.0,0.0
2024-06-21,0.0,0.0,0.0,0.0,0.0,0.0,0.0
2024-06-24,0.0,0.0,0.0,0.0,0.0,0.0,0.0
2024-06-25,0.0,0.0,0.0,0.0,0.0,0.0,0.0
2024-06-26,0.0,0.0,0.0,0.0,0.0,0.0,0.0
2024-06-27,0.0,0.0,0.0,0.0,0.0,0.0,0.0
2024-06-28,0.0,0.0,0.0,0.0,0.0,0.0,0.0
2024-07-01,0.0,0.0,0.0,0.0,0.0,0.0,0.0
2024-07-02,0.0,0.0,0.0,0.0,0.0,0.0,0.0
2024-07-03,0.0,0.0,0.0,0.0,0.0,0.0,0.0
2024-07-05,0.0,0.0,0.0,0.0,0.0,0.0,0.0
2024-07-08,0.0,0.0,0.0,0.0,0.0,0.0,0.0
2024-07-09,0.0,0.0,0.0,0.0,0.0,0.0,0.0
2024-07-10,0.0,0.0,0.0,0.0,0.0,0.0,0.0
2024-07-11,0.0,0.0,0.0,0.0,0.0,0.0,0.0
2024-07-12,0.0,0.0,0.0,0.0,0.0,0.0,0.0
2024-07-15,0.0,0.0,0.0,0.0,0.0,0.0,0.0
2024-07-16,0.0,0.0,0.0,0.0,0.0,0.0,0.0
2024-07-17,0.0,0.0,0.0,0.0,0.0,0.0,0.0
2024-07-18,0.0,0.0,0.0,0.0,0.0,0.0,0.0
2024-07-19,0.0,0.0,0.0,0.0,0.0,0.0,0.0
2024-07-22,0.0,0.0,0.0,0.0,0.0,0.0,0.0
2024-07-23,0.0,0.0,0.0,0.0,0.0,0.0,0.0
2024-07-24,0.0,0.0,0.0,0.0,0.0,0.0,0.0
2024-07-25,0.0,0.0,0.0,0.0,0.0,0.0,0.0
2024-07-26,0.0,0.0,0.0,0.0,0.0,0.0,0.0
2024-07-29,0.0,0.0,0.0,0.0,0.0,0.0,0.0
2024-07-30,0.0,0.0,0.0,0.0,0.0,0.0,0.0
2024-07-31,0.0,0.0,0.0,0.0,0.0,0.0,0.0
2024-08-01,0.0,0.0,0.0,0.0,0.0,0.0,0.0
2024-08-02,0.0,0.0,0.0,0.0,0.0,0.0,0.0
2024-08-05,0.0,0.0,0.0,0.0,0.0,0.0,0.0
2024-08-06,0.0,0.0,0.0,0.0,0.0,0.0,0.0
2024-08-07,0.0,0.0,0.0,0.0,0.0,0.0,0.0
2024-08-08,0.0,0.0,0.0,0.0,0.0,0.0,0.0
2024-08-09,0.0,0.0,0.0,0.0,0.0,0.0,0.0
2024-08-12,0.0,0.0,0.0,0.0,0.0,0.0,0.0
2024-08-13,0.0,0.0,0.0,0.0,0.0,0.0,0.0
2024-08-14,0.0,0.0,0.0,0.0,0.0,0.0,0.0
2024-08-15,0.0,0.0,0.0,0.0,0.0,0.0,0.0
2024-08-16,0.0,0.0,0.0,0.0,0.0,0.0,0.0
2024-08-19,0.0,0.0,0.0,0.0,0.0,0.0,0.0
2024-08-20,0.0,0.0,0.0,0.0,0.0,0.0,0.0
2024-08-21,0.0,0.0,0.0,0.0,0.0,0.0,0.0
2024-08-22,0.0,0.0,0.0,0.0,0.0,0.0,0.0
2024-08-23,0.0,0.0,0.0,0.0,0.0,0.0,0.0
2024-08-26,0.0,0.0,0.0,0.0,0.0,0.0,0.0
2024-08-27,0.0,0.0,0.0,0.0,0.0,0.0,0.0
2024-08-28,0.0,0.0,0.0,0.0,0.0,0.0,0.0
2024-08-29,0.0,0.0,0.0,0.0,0.0,0.0,0.0
2024-08-30,0.0,0.0,0.0,0.0,0.0,0.0,0.0
2024-09-03,0.0,0.0,0.0,0.0,0.0,0.0,0.0
2024-09-04,0.0,0.0,0.0,0.0,0.0,0.0,0.0
2024-09-05,0.0,0.0,0.0,0.0,0.0,0.0,0.0
2024-09-06,0.0,0.0,0.0,0.0,0.0,0.0,0.0
2024-09-09,0.0,0.0,0.0,0.0,0.0,0.0,0.0
2024-09-10,0.0,0.0,0.0,0.0,0.0,0.0,0.0
2024-09-11,0.0,0.0,0.0,0.0,0.0,0.0,0.0
2024-09-12,0.0,0.0,0.0,0.0,0.0,0.0,0.0
2024-09-13,0.0,0.0,0.0,0.0,0.0,0.0,0.0
2024-09-16,0.0,0.0,0.0,0.0,0.0,0.0,0.0
2024-09-17,0.0,0.0,0.0,0.0,0.0,0.0,0.0
2024-09-18,0.0,0.0,0.0,0.0,0.0,0.0,0.0
2024-09-19,0.0,0.0,0.0,0.0,0.0,0.0,0.0
2024-09-20,0.0,0.0,0.0,0.0,0.0,0.0,0.0
2024-09-23,0.0,0.0,0.0,0.0,0.0,0.0,0.0
2024-09-24,0.0,0.0,0.0,0.0,0.0,0.0,0.0
2024-09-25,0.0,0.0,0.0,0.0,0.0,0.0,0.0
2024-09-26,0.0,0.0,0.0,0.0,0.0,0.0,0.0
2024-09-27,0.0,0.0,0.0,0.0,0.0,0.0,0.0
2024-09-30,0.0,0.0,0.0,0.0,0.0,0.0,0.0
2024-10-01,0.0,0.0,0.0,0.0,0.0,0.0,0.0
2024-10-02,0.0,0.0,0.0,0.0,0.0,0.0,0.0
2024-10-03,0.0,0.0,0.0,0.0,0.0,0.0,0.0
2024-10-04,0.0,0.0,0.0,0.0,0.0,0.0,0.0
2024-10-07,0.0,0.0,0.0,0.0,0.0,0.0,0.0
2024-10-08,0.0,0.0,0.0,0.0,0.0,0.0,0.0
2024-10-09,0.0,0.0,0.0,0.0,0.0,0.0,0.0
2024-10-10,0.0,0.0,0.0,0.0,0.0,0.0,0.0
2024-10-11,0.0,0.0,0.0,0.0,0.0,0.0,0.0
2024-10-14,0.0,0.0,0.0,0.0,0.0,0.0,0.0
2024-10-15,0.0,0.0,0.0,0.0,0.0,0.0,0.0
2024-10-16,0.0,0.0,0.0,0.0,0.0,0.0,0.0
2024-10-17,0.0,0.0,0.0,0.0,0.0,0.0,0.0
2024-10-18,0.0,0.0,0.0,0.0,0.0,0.0,0.0
2024-10-21,0.0,0.0,0.0,0.0,0.0,0.0,0.0
2024-10-22,0.0,0.0,0.0,0.0,0.0,0.0,0.0
2024-10-23,0.0,0.0,0.0,0.0,0.0,0.0,0.0
2024-10-24,0.0,0.0,0.0,0.0,0.0,0.0,0.0
2024-10-25,0.0,0.0,0.0,0.0,0.0,0.0,0.0
2024-10-28,0.0,0.0,0.0,0.0,0.0,0.0,0.0
2024-10-29,0.0,0.0,0.0,0.0,0.0,0.0,0.0
2024-10-30,0.0,0.0,0.0,0.0,0.0,0.0,0.0
2024-10-31,0.0,0.0,0.0,0.0,0.0,0.0,0.0
2024-11-01,1.0,1.0,0.9999999999999999,1.0,1.0,1.0,1.0
2024-11-04,0.0,0.0,0.0,0.0,0.0,0.0,0.0
2024-11-05,0.0,0.0,0.0,0.0,0.0,0.0,0.0
2024-11-06,0.0,0.0,0.0,0.0,0.0,0.0,0.0
2024-11-07,0.0,0.0,0.0,0.0,0.0,0.0,0.0
2024-11-08,0.0,0.0,0.0,0.0,0.0,0.0,0.0
2024-11-11,0.0,0.0,0.0,0.0,0.0,0.0,0.0
2024-11-12,0.0,0.0,0.0,0.0,0.0,0.0,0.0
2024-11-13,0.0,0.0,0.0,0.0,0.0,0.0,0.0
2024-11-14,0.0,0.0,0.0,0.0,0.0,0.0,0.0
2024-11-15,0.0,0.0,0.0,0.0,0.0,0.0,0.0
2024-11-18,0.0,0.0,0.0,0.0,0.0,0.0,0.0
2024-11-19,0.0,0.0,0.0,0.0,0.0,0.0,0.0
2024-11-20,0.0,0.0,0.0,0.0,0.0,0.0,0.0
2024-11-21,0.0,0.0,0.0,0.0,0.0,0.0,0.0
2024-11-22,0.0,0.0,0.0,0.0,0.0,0.0,0.0
2024-11-25,0.0,0.0,0.0,0.0,0.0,0.0,0.0
2024-11-26,0.0,0.0,0.0,0.0,0.0,0.0,0.0
2024-11-27,0.0,0.0,0.0,0.0,0.0,0.0,0.0
2024-11-29,0.0,0.0,0.0,0.0,0.0,0.0,0.0
2024-12-02,0.039391405789780426,0.039391405789780426,0.038636820058031235,0.03209797125591253,0.3181449630722202,0.04652879682865832,0.49785870983022984
2024-12-03,0.0,0.0,0.0,0.0,0.0,0.0,0.0
2024-12-04,0.0,0.0,0.0,0.0,0.0,0.0,0.0
2024-12-05,0.0,0.0,0.0,0.0,0.0,0.0,0.0
2024-12-06,0.0,0.0,0.0,0.0,0.0,0.0,0.0
2024-12-09,0.0,0.0,0.0,0.0,0.0,0.0,0.0
2024-12-10,0.0,0.0,0.0,0.0,0.0,0.0,0.0
2024-12-11,0.0,0.0,0.0,0.0,0.0,0.0,0.0
2024-12-12,0.0,0.0,0.0,0.0,0.0,0.0,0.0
2024-12-13,0.0,0.0,0.0,0.0,0.0,0.0,0.0
2024-12-16,0.0,0.0,0.0,0.0,0.0,0.0,0.0
2024-12-17,0.0,0.0,0.0,0.0,0.0,0.0,0.0
2024-12-18,0.0,0.0,0.0,0.0,0.0,0.0,0.0
2024-12-19,0.0,0.0,0.0,0.0,0.0,0.0,0.0
2024-12-20,0.0,0.0,0.0,0.0,0.0,0.0,0.0
2024-12-23,0.0,0.0,0.0,0.0,0.0,0.0,0.0
2024-12-24,0.0,0.0,0.0,0.0,0.0,0.0,0.0
2024-12-26,0.0,0.0,0.0,0.0,0.0,0.0,0.0
2024-12-27,0.0,0.0,0.0,0.0,0.0,0.0,0.0
2024-12-30,0.0,0.0,0.0,0.0,0.0,0.0,0.0
2024-12-31,0.0,0.0,0.0,0.0,0.0,0.0,0.0
2025-01-02,0.020534605440832104,0.020534605440832104,0.02982161311593487,0.003975425526307802,0.7026053414948171,0.031982334784850686,0.04199586882635428
2025-01-03,0.0,0.0,0.0,0.0,0.0,0.0,0.0
2025-01-06,0.0,0.0,0.0,0.0,0.0,0.0,0.0
2025-01-07,0.0,0.0,0.0,0.0,0.0,0.0,0.0
2025-01-08,0.0,0.0,0.0,0.0,0.0,0.0,0.0
2025-01-10,0.0,0.0,0.0,0.0,0.0,0.0,0.0
2025-01-13,0.0,0.0,0.0,0.0,0.0,0.0,0.0
2025-01-14,0.0,0.0,0.0,0.0,0.0,0.0,0.0
2025-01-15,0.0,0.0,0.0,0.0,0.0,0.0,0.0
2025-01-16,0.0,0.0,0.0,0.0,0.0,0.0,0.0
2025-01-17,0.0,0.0,0.0,0.0,0.0,0.0,0.0
2025-01-21,0.0,0.0,0.0,0.0,0.0,0.0,0.0
2025-01-22,0.0,0.0,0.0,0.0,0.0,0.0,0.0
2025-01-23,0.0,0.0,0.0,0.0,0.0,0.0,0.0
2025-01-24,0.0,0.0,0.0,0.0,0.0,0.0,0.0
2025-01-27,0.0,0.0,0.0,0.0,0.0,0.0,0.0
2025-01-28,0.0,0.0,0.0,0.0,0.0,0.0,0.0
2025-01-29,0.0,0.0,0.0,0.0,0.0,0.0,0.0
2025-01-30,0.0,0.0,0.0,0.0,0.0,0.0,0.0
2025-01-31,0.0,0.0,0.0,0.0,0.0,0.0,0.0
2025-02-03,0.008256913949162475,0.008256913949162475,0.014436161419571714,0.011281341283959837,0.5433618450445257,0.008130871567610637,0.023406720848849302
2025-02-04,0.0,0.0,0.0,0.0,0.0,0.0,0.0
2025-02-05,0.0,0.0,0.0,0.0,0.0,0.0,0.0
2025-02-06,0.0,0.0,0.0,0.0,0.0,0.0,0.0
2025-02-07,0.0,0.0,0.0,0.0,0.0,0.0,0.0
2025-02-10,0.0,0.0,0.0,0.0,0.0,0.0,0.0
2025-02-11,0.0,0.0,0.0,0.0,0.0,0.0,0.0
2025-02-12,0.0,0.0,0.0,0.0,0.0,0.0,0.0
2025-02-13,0.0,0.0,0.0,0.0,0.0,0.0,0.0
2025-02-14,0.0,0.0,0.0,0.0,0.0,0.0,0.0
2025-02-18,0.0,0.0,0.0,0.0,0.0,0.0,0.0
2025-02-19,0.0,0.0,0.0,0.0,0.0,0.0,0.0
2025-02-20,0.0,0.0,0.0,0.0,0.0,0.0,0.0
2025-02-21,0.0,0.0,0.0,0.0,0.0,0.0,0.0
2025-02-24,0.0,0.0,0.0,0.0,0.0,0.0,0.0
2025-02-25,0.0,0.0,0.0,0.0,0.0,0.0,0.0
2025-02-26,0.0,0.0,0.0,0.0,0.0,0.0,0.0
2025-02-27,0.0,0.0,0.0,0.0,0.0,0.0,0.0
2025-02-28,0.0,0.0,0.0,0.0,0.0,0.0,0.0
2025-03-03,0.025169751171761262,0.025169751171761262,0.03392872277937639,0.01892123943319035,0.3163538829949821,0.02894561314179983,0.4820675689425342
2025-03-04,0.0,0.0,0.0,0.0,0.0,0.0,0.0
2025-03-05,0.0,0.0,0.0,0.0,0.0,0.0,0.0
2025-03-06,0.0,0.0,0.0,0.0,0.0,0.0,0.0
2025-03-07,0.0,0.0,0.0,0.0,0.0,0.0,0.0
2025-03-10,0.0,0.0,0.0,0.0,0.0,0.0,0.0
2025-03-11,0.0,0.0,0.0,0.0,0.0,0.0,0.0
2025-03-12,0.0,0.0,0.0,0.0,0.0,0.0,0.0
2025-03-13,0.0,0.0,0.0,0.0,0.0,0.0,0.0
2025-03-14,0.0,0.0,0.0,0.0,0.0,0.0,0.0
2025-03-17,0.0,0.0,0.0,0.0,0.0,0.0,0.0
2025-03-18,0.0,0.0,0.0,0.0,0.0,0.0,0.0
2025-03-19,0.0,0.0,0.0,0.0,0.0,0.0,0.0
2025-03-20,0.0,0.0,0.0,0.0,0.0,0.0,0.0
2025-03-21,0.0,0.0,0.0,0.0,0.0,0.0,0.0
2025-03-24,0.0,0.0,0.0,0.0,0.0,0.0,0.0
2025-03-25,0.0,0.0,0.0,0.0,0.0,0.0,0.0
2025-03-26,0.0,0.0,0.0,0.0,0.0,0.0,0.0
2025-03-27,0.0,0.0,0.0,0.0,0.0,0.0,0.0
2025-03-28,0.0,0.0,0.0,0.0,0.0,0.0,0.0
2025-03-31,0.0,0.0,0.0,0.0,0.0,0.0,0.0
2025-04-01,0.025149609051399374,0.025149609051399374,0.02241526889889714,0.019294689246997634,0.5420047208506198,0.01741962296000052,0.02698413963264265
2025-04-02,0.0,0.0,0.0,0.0,0.0,0.0,0.0
2025-04-03,0.0,0.0,0.0,0.0,0.0,0.0,0.0
2025-04-04,0.0,0.0,0.0,0.0,0.0,0.0,0.0
2025-04-07,0.0,0.0,0.0,0.0,0.0,0.0,0.0
2025-04-08,0.0,0.0,0.0,0.0,0.0,0.0,0.0
2025-04-09,0.0,0.0,0.0,0.0,0.0,0.0,0.0
2025-04-10,0.0,0.0,0.0,0.0,0.0,0.0,0.0
2025-04-11,0.0,0.0,0.0,0.0,0.0,0.0,0.0
2025-04-14,0.0,0.0,0.0,0.0,0.0,0.0,0.0
2025-04-15,0.0,0.0,0.0,0.0,0.0,0.0,0.0
2025-04-16,0.0,0.0,0.0,0.0,0.0,0.0,0.0
2025-04-17,0.0,0.0,0.0,0.0,0.0,0.0,0.0
2025-04-21,0.0,0.0,0.0,0.0,0.0,0.0,0.0
2025-04-22,0.0,0.0,0.0,0.0,0.0,0.0,0.0
2025-04-23,0.0,0.0,0.0,0.0,0.0,0.0,0.0
2025-04-24,0.0,0.0,0.0,0.0,0.0,0.0,0.0
2025-04-25,0.0,0.0,0.0,0.0,0.0,0.0,0.0
2025-04-28,0.0,0.0,0.0,0.0,0.0,0.0,0.0
2025-04-29,0.0,0.0,0.0,0.0,0.0,0.0,0.0
2025-04-30,0.0,0.0,0.0,0.0,0.0,0.0,0.0
2025-05-01,0.01574998882269449,0.01574998882269449,0.06952128081897649,0.24620170838003236,0.3865601044732687,0.06492765423003638,0.127537893593319
2025-05-02,0.0,0.0,0.0,0.0,0.0,0.0,0.0
2025-05-05,0.0,0.0,0.0,0.0,0.0,0.0,0.0
2025-05-06,0.0,0.0,0.0,0.0,0.0,0.0,0.0
2025-05-07,0.0,0.0,0.0,0.0,0.0,0.0,0.0
2025-05-08,0.0,0.0,0.0,0.0,0.0,0.0,0.0
2025-05-09,0.0,0.0,0.0,0.0,0.0,0.0,0.0
2025-05-12,0.0,0.0,0.0,0.0,0.0,0.0,0.0
2025-05-13,0.0,0.0,0.0,0.0,0.0,0.0,0.0
2025-05-14,0.0,0.0,0.0,0.0,0.0,0.0,0.0
2025-05-15,0.0,0.0,0.0,0.0,0.0,0.0,0.0
2025-05-16,0.0,0.0,0.0,0.0,0.0,0.0,0.0
2025-05-19,0.0,0.0,0.0,0.0,0.0,0.0,0.0
2025-05-20,0.0,0.0,0.0,0.0,0.0,0.0,0.0
2025-05-21,0.0,0.0,0.0,0.0,0.0,0.0,0.0
2025-05-22,0.0,0.0,0.0,0.0,0.0,0.0,0.0
2025-05-23,0.0,0.0,0.0,0.0,0.0,0.0,0.0
2025-05-27,0.0,0.0,0.0,0.0,0.0,0.0,0.0
2025-05-28,0.0,0.0,0.0,0.0,0.0,0.0,0.0
2025-05-29,0.0,0.0,0.0,0.0,0.0,0.0,0.0
2025-05-30,0.0,0.0,0.0,0.0,0.0,0.0,0.0
2025-06-02,0.009409862367232319,0.009409862367232319,0.012752385048369536,0.02735892398209304,0.09364155275123218,0.015946447260080987,0.023087608296334466
2025-06-03,0.0,0.0,0.0,0.0,0.0,0.0,0.0
2025-06-04,0.0,0.0,0.0,0.0,0.0,0.0,0.0
2025-06-05,0.0,0.0,0.0,0.0,0.0,0.0,0.0
2025-06-06,0.0,0.0,0.0,0.0,0.0,0.0,0.0
2025-06-09,0.0,0.0,0.0,0.0,0.0,0.0,0.0
2025-06-10,0.0,0.0,0.0,0.0,0.0,0.0,0.0
2025-06-11,0.0,0.0,0.0,0.0,0.0,0.0,0.0
2025-06-12,0.0,0.0,0.0,0.0,0.0,0.0,0.0
2025-06-13,0.0,0.0,0.0,0.0,0.0,0.0,0.0
2025-06-16,0.0,0.0,0.0,0.0,0.0,0.0,0.0
2025-06-17,0.0,0.0,0.0,0.0,0.0,0.0,0.0
2025-06-18,0.0,0.0,0.0,0.0,0.0,0.0,0.0
2025-06-20,0.0,0.0,0.0,0.0,0.0,0.0,0.0
2025-06-23,0.0,0.0,0.0,0.0,0.0,0.0,0.0
2025-06-24,0.0,0.0,0.0,0.0,0.0,0.0,0.0
2025-06-25,0.0,0.0,0.0,0.0,0.0,0.0,0.0
2025-06-26,0.0,0.0,0.0,0.0,0.0,0.0,0.0
2025-06-27,0.0,0.0,0.0,0.0,0.0,0.0,0.0
2025-06-30,0.0,0.0,0.0,0.0,0.0,0.0,0.0
2025-07-01,0.01251785057165114,0.01251785057165114,0.01715352830846459,0.01927177088715035,0.35879707551632706,0.016586156414634096,0.01578927335774688
2025-07-02,0.0,0.0,0.0,0.0,0.0,0.0,0.0
2025-07-03,0.0,0.0,0.0,0.0,0.0,0.0,0.0
2025-07-07,0.0,0.0,0.0,0.0,0.0,0.0,0.0
2025-07-08,0.0,0.0,0.0,0.0,0.0,0.0,0.0
2025-07-09,0.0,0.0,0.0,0.0,0.0,0.0,0.0
2025-07-10,0.0,0.0,0.0,0.0,0.0,0.0,0.0
2025-07-11,0.0,0.0,0.0,0.0,0.0,0.0,0.0
2025-07-14,0.0,0.0,0.0,0.0,0.0,0.0,0.0
2025-07-15,0.0,0.0,0.0,0.0,0.0,0.0,0.0
2025-07-16,0.0,0.0,0.0,0.0,0.0,0.0,0.0
2025-07-17,0.0,0.0,0.0,0.0,0.0,0.0,0.0
2025-07-18,0.0,0.0,0.0,0.0,0.0,0.0,0.0
2025-07-21,0.0,0.0,0.0,0.0,0.0,0.0,0.0
2025-07-22,0.0,0.0,0.0,0.0,0.0,0.0,0.0
2025-07-23,0.0,0.0,0.0,0.0,0.0,0.0,0.0
2025-07-24,0.0,0.0,0.0,0.0,0.0,0.0,0.0
2025-07-25,0.0,0.0,0.0,0.0,0.0,0.0,0.0
2025-07-28,0.0,0.0,0.0,0.0,0.0,0.0,0.0
2025-07-29,0.0,0.0,0.0,0.0,0.0,0.0,0.0
2025-07-30,0.0,0.0,0.0,0.0,0.0,0.0,0.0
2025-07-31,0.0,0.0,0.0,0.0,0.0,0.0,0.0
2025-08-01,0.0146819336535004,0.0146819336535004,0.009425856616437134,0.015492340717097165,0.2452128333282958,0.009779796800832241,0.012483424850793623
2025-08-04,0.0,0.0,0.0,0.0,0.0,0.0,0.0
2025-08-05,0.0,0.0,0.0,0.0,0.0,0.0,0.0
2025-08-06,0.0,0.0,0.0,0.0,0.0,0.0,0.0
2025-08-07,0.0,0.0,0.0,0.0,0.0,0.0,0.0
2025-08-08,0.0,0.0,0.0,0.0,0.0,0.0,0.0
2025-08-11,0.0,0.0,0.0,0.0,0.0,0.0,0.0
2025-08-12,0.0,0.0,0.0,0.0,0.0,0.0,0.0
2025-08-13,0.0,0.0,0.0,0.0,0.0,0.0,0.0
2025-08-14,0.0,0.0,0.0,0.0,0.0,0.0,0.0
2025-08-15,0.0,0.0,0.0,0.0,0.0,0.0,0.0
2025-08-18,0.0,0.0,0.0,0.0,0.0,0.0,0.0
2025-08-19,0.0,0.0,0.0,0.0,0.0,0.0,0.0
2025-08-20,0.0,0.0,0.0,0.0,0.0,0.0,0.0
2025-08-21,0.0,0.0,0.0,0.0,0.0,0.0,0.0
2025-08-22,0.0,0.0,0.0,0.0,0.0,0.0,0.0
2025-08-25,0.0,0.0,0.0,0.0,0.0,0.0,0.0
2025-08-26,0.0,0.0,0.0,0.0,0.0,0.0,0.0
2025-08-27,0.0,0.0,0.0,0.0,0.0,0.0,0.0
2025-08-28,0.0,0.0,0.0,0.0,0.0,0.0,0.0
2025-08-29,0.0,0.0,0.0,0.0,0.0,0.0,0.0
2025-09-02,0.017322064390090985,0.017322064390090985,0.017447867829374603,0.005843380647953644,0.06527416567521603,0.017252709416747697,0.024709810975089425
2025-09-03,0.0,0.0,0.0,0.0,0.0,0.0,0.0
2025-09-04,0.0,0.0,0.0,0.0,0.0,0.0,0.0
2025-09-05,0.0,0.0,0.0,0.0,0.0,0.0,0.0
2025-09-08,0.0,0.0,0.0,0.0,0.0,0.0,0.0
2025-09-09,0.0,0.0,0.0,0.0,0.0,0.0,0.0
2025-09-10,0.0,0.0,0.0,0.0,0.0,0.0,0.0
2025-09-11,0.0,0.0,0.0,0.0,0.0,0.0,0.0
2025-09-12,0.0,0.0,0.0,0.0,0.0,0.0,0.0
2025-09-15,0.0,0.0,0.0,0.0,0.0,0.0,0.0
2025-09-16,0.0,0.0,0.0,0.0,0.0,0.0,0.0
2025-09-17,0.0,0.0,0.0,0.0,0.0,0.0,0.0
2025-09-18,0.0,0.0,0.0,0.0,0.0,0.0,0.0
2025-09-19,0.0,0.0,0.0,0.0,0.0,0.0,0.0
2025-09-22,0.0,0.0,0.0,0.0,0.0,0.0,0.0
2025-09-23,0.0,0.0,0.0,0.0,0.0,0.0,0.0
2025-09-24,0.0,0.0,0.0,0.0,0.0,0.0,0.0
2025-09-25,0.0,0.0,0.0,0.0,0.0,0.0,0.0
2025-09-26,0.0,0.0,0.0,0.0,0.0,0.0,0.0
2025-09-29,0.0,0.0,0.0,0.0,0.0,0.0,0.0
2025-09-30,0.0,0.0,0.0,0.0,0.0,0.0,0.0
2025-10-01,0.013761531414207329,0.013761531414207329,0.008051338465684094,0.0643301203130038,0.18383130800633612,0.007202129719086847,0.019342784548744135
2025-10-02,0.0,0.0,0.0,0.0,0.0,0.0,0.0
2025-10-03,0.0,0.0,0.0,0.0,0.0,0.0,0.0
2025-10-06,0.0,0.0,0.0,0.0,0.0,0.0,0.0
2025-10-07,0.0,0.0,0.0,0.0,0.0,0.0,0.0
2025-10-08,0.0,0.0,0.0,0.0,0.0,0.0,0.0
2025-10-09,0.0,0.0,0.0,0.0,0.0,0.0,0.0
2025-10-10,0.0,0.0,0.0,0.0,0.0,0.0,0.0
2025-10-13,0.0,0.0,0.0,0.0,0.0,0.0,0.0
2025-10-14,0.0,0.0,0.0,0.0,0.0,0.0,0.0
2025-10-15,0.0,0.0,0.0,0.0,0.0,0.0,0.0
2025-10-16,0.0,0.0,0.0,0.0,0.0,0.0,0.0
2025-10-17,0.0,0.0,0.0,0.0,0.0,0.0,0.0
2025-10-20,0.0,0.0,0.0,0.0,0.0,0.0,0.0
2025-10-21,0.0,0.0,0.0,0.0,0.0,0.0,0.0
2025-10-22,0.0,0.0,0.0,0.0,0.0,0.0,0.0
2025-10-23,0.0,0.0,0.0,0.0,0.0,0.0,0.0
2025-10-24,0.0,0.0,0.0,0.0,0.0,0.0,0.0
2025-10-27,0.0,0.0,0.0,0.0,0.0,0.0,0.0
2025-10-28,0.0,0.0,0.0,0.0,0.0,0.0,0.0
2025-10-29,0.0,0.0,0.0,0.0,0.0,0.0,0.0
2025-10-30,0.0,0.0,0.0,0.0,0.0,0.0,0.0
2025-10-31,0.0,0.0,0.0,0.0,0.0,0.0,0.0
2025-11-03,0.010325131020345407,0.010325131020345407,0.014179082897920386,0.009904646659278253,0.25187167986861697,0.020624796469817547,0.020410912201283327
2025-11-04,0.0,0.0,0.0,0.0,0.0,0.0,0.0
2025-11-05,0.0,0.0,0.0,0.0,0.0,0.0,0.0
2025-11-06,0.0,0.0,0.0,0.0,0.0,0.0,0.0
2025-11-07,0.0,0.0,0.0,0.0,0.0,0.0,0.0
2025-11-10,0.0,0.0,0.0,0.0,0.0,0.0,0.0
2025-11-11,0.0,0.0,0.0,0.0,0.0,0.0,0.0
2025-11-12,0.0,0.0,0.0,0.0,0.0,0.0,0.0
2025-11-13,0.0,0.0,0.0,0.0,0.0,0.0,0.0
2025-11-14,0.0,0.0,0.0,0.0,0.0,0.0,0.0
2025-11-17,0.0,0.0,0.0,0.0,0.0,0.0,0.0
2025-11-18,0.0,0.0,0.0,0.0,0.0,0.0,0.0
2025-11-19,0.0,0.0,0.0,0.0,0.0,0.0,0.0
2025-11-20,0.0,0.0,0.0,0.0,0.0,0.0,0.0
2025-11-21,0.0,0.0,0.0,0.0,0.0,0.0,0.0
2025-11-24,0.0,0.0,0.0,0.0,0.0,0.0,0.0
2025-11-25,0.0,0.0,0.0,0.0,0.0,0.0,0.0
2025-11-26,0.0,0.0,0.0,0.0,0.0,0.0,0.0
2025-11-28,0.0,0.0,0.0,0.0,0.0,0.0,0.0
2025-12-01,0.013960038997071239,0.013960038997071239,0.014307329930943025,0.08497543603860884,0.08527476612741329,0.014526329053926756,0.019164248738632872
2025-12-02,0.0,0.0,0.0,0.0,0.0,0.0,0.0
2025-12-03,0.0,0.0,0.0,0.0,0.0,0.0,0.0
2025-12-04,0.0,0.0,0.0,0.0,0.0,0.0,0.0
2025-12-05,0.0,0.0,0.0,0.0,0.0,0.0,0.0
2025-12-08,0.0,0.0,0.0,0.0,0.0,0.0,0.0
2025-12-09,0.0,0.0,0.0,0.0,0.0,0.0,0.0
2025-12-10,0.0,0.0,0.0,0.0,0.0,0.0,0.0
2025-12-11,0.0,0.0,0.0,0.0,0.0,0.0,0.0
2025-12-12,0.0,0.0,0.0,0.0,0.0,0.0,0.0
2025-12-15,0.0,0.0,0.0,0.0,0.0,0.0,0.0
2025-12-16,0.0,0.0,0.0,0.0,0.0,0.0,0.0
2025-12-17,0.0,0.0,0.0,0.0,0.0,0.0,0.0
2025-12-18,0.0,0.0,0.0,0.0,0.0,0.0,0.0
2025-12-19,0.0,0.0,0.0,0.0,0.0,0.0,0.0
2025-12-22,0.0,0.0,0.0,0.0,0.0,0.0,0.0
2025-12-23,0.0,0.0,0.0,0.0,0.0,0.0,0.0
2025-12-24,0.0,0.0,0.0,0.0,0.0,0.0,0.0
2025-12-26,0.0,0.0,0.0,0.0,0.0,0.0,0.0
2025-12-29,0.0,0.0,0.0,0.0,0.0,0.0,0.0
2025-12-30,0.0,0.0,0.0,0.0,0.0,0.0,0.0
2025-12-31,0.0,0.0,0.0,0.0,0.0,0.0,0.0
2026-01-02,0.011730256796258526,0.011730256796258526,0.012604653655656217,0.007277297423065468,0.07711600869615096,0.014227287457974441,0.01581203700932393
2026-01-05,0.0,0.0,0.0,0.0,0.0,0.0,0.0
2026-01-06,0.0,0.0,0.0,0.0,0.0,0.0,0.0
2026-01-07,0.0,0.0,0.0,0.0,0.0,0.0,0.0
2026-01-08,0.0,0.0,0.0,0.0,0.0,0.0,0.0
2026-01-09,0.0,0.0,0.0,0.0,0.0,0.0,0.0
2026-01-12,0.0,0.0,0.0,0.0,0.0,0.0,0.0
2026-01-13,0.0,0.0,0.0,0.0,0.0,0.0,0.0
2026-01-14,0.0,0.0,0.0,0.0,0.0,0.0,0.0
2026-01-15,0.0,0.0,0.0,0.0,0.0,0.0,0.0
2026-01-16,0.0,0.0,0.0,0.0,0.0,0.0,0.0
2026-01-20,0.0,0.0,0.0,0.0,0.0,0.0,0.0
2026-01-21,0.0,0.0,0.0,0.0,0.0,0.0,0.0
2026-01-22,0.0,0.0,0.0,0.0,0.0,0.0,0.0
2026-01-23,0.0,0.0,0.0,0.0,0.0,0.0,0.0
2026-01-26,0.0,0.0,0.0,0.0,0.0,0.0,0.0
2026-01-27,0.0,0.0,0.0,0.0,0.0,0.0,0.0
2026-01-28,0.0,0.0,0.0,0.0,0.0,0.0,0.0
2026-01-29,0.0,0.0,0.0,0.0,0.0,0.0,0.0
2026-01-30,0.0,0.0,0.0,0.0,0.0,0.0,0.0
2026-02-02,0.01425575546839683,0.01425575546839683,0.02394295608213956,0.05935641914492096,0.009774434060186748,0.022205461414136984,0.03448873018219281
2026-02-03,0.0,0.0,0.0,0.0,0.0,0.0,0.0
2026-02-04,0.0,0.0,0.0,0.0,0.0,0.0,0.0
2026-02-05,0.0,0.0,0.0,0.0,0.0,0.0,0.0
2026-02-06,0.0,0.0,0.0,0.0,0.0,0.0,0.0
2026-02-09,0.0,0.0,0.0,0.0,0.0,0.0,0.0
2026-02-10,0.0,0.0,0.0,0.0,0.0,0.0,0.0
2026-02-11,0.0,0.0,0.0,0.0,0.0,0.0,0.0
2026-02-12,0.0,0.0,0.0,0.0,0.0,0.0,0.0
2026-02-13,0.0,0.0,0.0,0.0,0.0,0.0,0.0
2026-02-17,0.0,0.0,0.0,0.0,0.0,0.0,0.0
2026-02-18,0.0,0.0,0.0,0.0,0.0,0.0,0.0
2026-02-19,0.0,0.0,0.0,0.0,0.0,0.0,0.0
2026-02-20,0.0,0.0,0.0,0.0,0.0,0.0,0.0
2026-02-23,0.0,0.0,0.0,0.0,0.0,0.0,0.0
2026-02-24,0.0,0.0,0.0,0.0,0.0,0.0,0.0
2026-02-25,0.0,0.0,0.0,0.0,0.0,0.0,0.0
2026-02-26,0.0,0.0,0.0,0.0,0.0,0.0,0.0
2026-02-27,0.0,0.0,0.0,0.0,0.0,0.0,0.0
2026-03-02,0.029945045205645726,0.029945045205645726,0.02978946166256749,0.026395647670743382,0.13305241402969645,0.031077603673147186,0.03041848375341244
2026-03-03,0.0,0.0,0.0,0.0,0.0,0.0,0.0
2026-03-04,0.0,0.0,0.0,0.0,0.0,0.0,0.0
2026-03-05,0.0,0.0,0.0,0.0,0.0,0.0,0.0
2026-03-06,0.0,0.0,0.0,0.0,0.0,0.0,0.0
2026-03-09,0.0,0.0,0.0,0.0,0.0,0.0,0.0
2026-03-10,0.0,0.0,0.0,0.0,0.0,0.0,0.0
2026-03-11,0.0,0.0,0.0,0.0,0.0,0.0,0.0
2026-03-12,0.0,0.0,0.0,0.0,0.0,0.0,0.0
2026-03-13,0.0,0.0,0.0,0.0,0.0,0.0,0.0
2026-03-16,0.0,0.0,0.0,0.0,0.0,0.0,0.0
2026-03-17,0.0,0.0,0.0,0.0,0.0,0.0,0.0
2026-03-18,0.0,0.0,0.0,0.0,0.0,0.0,0.0
2026-03-19,0.0,0.0,0.0,0.0,0.0,0.0,0.0
2026-03-20,0.0,0.0,0.0,0.0,0.0,0.0,0.0
2026-03-23,0.0,0.0,0.0,0.0,0.0,0.0,0.0
2026-03-24,0.0,0.0,0.0,0.0,0.0,0.0,0.0
2026-03-25,0.0,0.0,0.0,0.0,0.0,0.0,0.0
2026-03-26,0.0,0.0,0.0,0.0,0.0,0.0,0.0
2026-03-27,0.0,0.0,0.0,0.0,0.0,0.0,0.0
2026-03-30,0.0,0.0,0.0,0.0,0.0,0.0,0.0
2026-03-31,0.0,0.0,0.0,0.0,0.0,0.0,0.0
2026-04-01,0.00793223326471712,0.00793223326471712,0.04209876372388391,0.31343708203625337,0.017187802914270446,0.04340346316659746,0.09134182542611341
2026-04-02,0.0,0.0,0.0,0.0,0.0,0.0,0.0
2026-04-06,0.0,0.0,0.0,0.0,0.0,0.0,0.0
2026-04-07,0.0,0.0,0.0,0.0,0.0,0.0,0.0
2026-04-08,0.0,0.0,0.0,0.0,0.0,0.0,0.0
2026-04-09,0.0,0.0,0.0,0.0,0.0,0.0,0.0
2026-04-10,0.0,0.0,0.0,0.0,0.0,0.0,0.0
2026-04-13,0.0,0.0,0.0,0.0,0.0,0.0,0.0
2026-04-14,0.0,0.0,0.0,0.0,0.0,0.0,0.0
2026-04-15,0.0,0.0,0.0,0.0,0.0,0.0,0.0
2026-04-16,0.0,0.0,0.0,0.0,0.0,0.0,0.0
2026-04-17,0.0,0.0,0.0,0.0,0.0,0.0,0.0
2026-04-20,0.0,0.0,0.0,0.0,0.0,0.0,0.0
2026-04-21,0.0,0.0,0.0,0.0,0.0,0.0,0.0
2026-04-22,0.0,0.0,0.0,0.0,0.0,0.0,0.0
2026-04-23,0.0,0.0,0.0,0.0,0.0,0.0,0.0
2026-04-24,0.0,0.0,0.0,0.0,0.0,0.0,0.0
2026-04-27,0.0,0.0,0.0,0.0,0.0,0.0,0.0
2026-04-28,0.0,0.0,0.0,0.0,0.0,0.0,0.0
2026-04-29,0.0,0.0,0.0,0.0,0.0,0.0,0.0
2026-04-30,0.0,0.0,0.0,0.0,0.0,0.0,0.0
2026-05-01,0.025140161375444114,0.025140161375444114,0.09872289746741683,0.44026596552267944,0.9466637123885047,0.10283846289817428,0.2020907898300521
2026-05-04,0.0,0.0,0.0,0.0,0.0,0.0,0.0
2026-05-05,0.0,0.0,0.0,0.0,0.0,0.0,0.0
2026-05-06,0.0,0.0,0.0,0.0,0.0,0.0,0.0
2026-05-07,0.0,0.0,0.0,0.0,0.0,0.0,0.0
2026-05-08,0.0,0.0,0.0,0.0,0.0,0.0,0.0
2026-05-11,0.0,0.0,0.0,0.0,0.0,0.0,0.0
2026-05-12,0.0,0.0,0.0,0.0,0.0,0.0,0.0
2026-05-13,0.0,0.0,0.0,0.0,0.0,0.0,0.0
2026-05-14,0.0,0.0,0.0,0.0,0.0,0.0,0.0
2026-05-15,0.0,0.0,0.0,0.0,0.0,0.0,0.0
2026-05-18,0.0,0.0,0.0,0.0,0.0,0.0,0.0
2026-05-19,0.0,0.0,0.0,0.0,0.0,0.0,0.0
2026-05-20,0.0,0.0,0.0,0.0,0.0,0.0,0.0
2026-05-21,0.0,0.0,0.0,0.0,0.0,0.0,0.0
2026-05-22,0.0,0.0,0.0,0.0,0.0,0.0,0.0
2026-05-26,0.0,0.0,0.0,0.0,0.0,0.0,0.0
2026-05-27,0.0,0.0,0.0,0.0,0.0,0.0,0.0
2026-05-28,0.0,0.0,0.0,0.0,0.0,0.0,0.0
2026-05-29,0.0,0.0,0.0,0.0,0.0,0.0,0.0
2026-06-01,0.019878623446795973,0.019878623446795973,0.03856913930878211,0.017574158592987874,0.33649728662134903,0.0428221940730919,0.08358756868638983
2026-06-02,0.0,0.0,0.0,0.0,0.0,0.0,0.0
2026-06-03,0.0,0.0,0.0,0.0,0.0,0.0,0.0
2026-06-04,0.0,0.0,0.0,0.0,0.0,0.0,0.0
2026-06-05,0.0,0.0,0.0,0.0,0.0,0.0,0.0
2026-06-08,0.0,0.0,0.0,0.0,0.0,0.0,0.0
2026-06-09,0.0,0.0,0.0,0.0,0.0,0.0,0.0
2026-06-10,0.0,0.0,0.0,0.0,0.0,0.0,0.0
2026-06-11,0.0,0.0,0.0,0.0,0.0,0.0,0.0
2026-06-12,0.0,0.0,0.0,0.0,0.0,0.0,0.0
2026-06-15,0.0,0.0,0.0,0.0,0.0,0.0,0.0
2026-06-16,0.0,0.0,0.0,0.0,0.0,0.0,0.0
2026-06-17,0.0,0.0,0.0,0.0,0.0,0.0,0.0
2026-06-18,0.0,0.0,0.0,0.0,0.0,0.0,0.0
2026-06-22,0.0,0.0,0.0,0.0,0.0,0.0,0.0
2026-06-23,0.0,0.0,0.0,0.0,0.0,0.0,0.0
2026-06-24,0.0,0.0,0.0,0.0,0.0,0.0,0.0
2026-06-25,0.0,0.0,0.0,0.0,0.0,0.0,0.0
2026-06-26,0.0,0.0,0.0,0.0,0.0,0.0,0.0
2026-06-29,0.0,0.0,0.0,0.0,0.0,0.0,0.0
2026-06-30,0.0,0.0,0.0,0.0,0.0,0.0,0.0
2026-07-01,0.01882887831106314,0.01882887831106314,0.030714681405534044,0.10250468775005701,0.5842966718124021,0.03262382000057085,0.07748421434135089
2026-07-02,0.0,0.0,0.0,0.0,0.0,0.0,0.0
2026-07-06,0.0,0.0,0.0,0.0,0.0,0.0,0.0
2026-07-07,0.0,0.0,0.0,0.0,0.0,0.0,0.0
2026-07-08,0.0,0.0,0.0,0.0,0.0,0.0,0.0
2026-07-09,0.0,0.0,0.0,0.0,0.0,0.0,0.0
2026-07-10,0.0,0.0,0.0,0.0,0.0,0.0,0.0
2026-07-13,0.0,0.0,0.0,0.0,0.0,0.0,0.0
2026-07-14,0.0,0.0,0.0,0.0,0.0,0.0,0.0
2026-07-15,0.0,0.0,0.0,0.0,0.0,0.0,0.0
2026-07-16,0.0,0.0,0.0,0.0,0.0,0.0,0.0
2026-07-17,0.0,0.0,0.0,0.0,0.0,0.0,0.0
2026-07-20,0.0,0.0,0.0,0.0,0.0,0.0,0.0
2026-07-21,0.0,0.0,0.0,0.0,0.0,0.0,0.0
2026-07-22,0.0,0.0,0.0,0.0,0.0,0.0,0.0
2026-07-23,0.0,0.0,0.0,0.0,0.0,0.0,0.0
2026-07-24,0.0,0.0,0.0,0.0,0.0,0.0,0.0
2026-07-27,0.0,0.0,0.0,0.0,0.0,0.0,0.0
2026-07-28,0.0,0.0,0.0,0.0,0.0,0.0,0.0
2026-07-29,0.0,0.0,0.0,0.0,0.0,0.0,0.0
2026-07-30,0.0,0.0,0.0,0.0,0.0,0.0,0.0
2026-07-31,0.0,0.0,0.0,0.0,0.0,0.0,0.0
2026-08-03,0.02510946872268993,0.02510946872268993,0.021274376537789325,0.17869654229977916,0.3981354528007949,0.020183505886767816,0.5889463805384935
2026-08-04,0.0,0.0,0.0,0.0,0.0,0.0,0.0
2026-08-05,0.0,0.0,0.0,0.0,0.0,0.0,0.0
2026-08-06,0.0,0.0,0.0,0.0,0.0,0.0,0.0
2026-08-07,0.0,0.0,0.0,0.0,0.0,0.0,0.0
2026-08-10,0.0,0.0,0.0,0.0,0.0,0.0,0.0
2026-08-11,0.0,0.0,0.0,0.0,0.0,0.0,0.0
2026-08-12,0.0,0.0,0.0,0.0,0.0,0.0,0.0
2026-08-13,0.0,0.0,0.0,0.0,0.0,0.0,0.0
2026-08-14,0.0,0.0,0.0,0.0,0.0,0.0,0.0
2026-08-17,0.0,0.0,0.0,0.0,0.0,0.0,0.0
2026-08-18,0.0,0.0,0.0,0.0,0.0,0.0,0.0
2026-08-19,0.0,0.0,0.0,0.0,0.0,0.0,0.0
2026-08-20,0.0,0.0,0.0,0.0,0.0,0.0,0.0
2026-08-21,0.0,0.0,0.0,0.0,0.0,0.0,0.0
2026-08-24,0.0,0.0,0.0,0.0,0.0,0.0,0.0
2026-08-25,0.0,0.0,0.0,0.0,0.0,0.0,0.0
2026-08-26,0.0,0.0,0.0,0.0,0.0,0.0,0.0
2026-08-27,0.0,0.0,0.0,0.0,0.0,0.0,0.0
2026-08-28,0.0,0.0,0.0,0.0,0.0,0.0,0.0
2026-08-31,0.0,0.0,0.0,0.0,0.0,0.0,0.0
2026-09-01,0.012681428175430498,0.012681428175430498,0.02288545840941797,0.09543280548815547,0.015430745899792984,0.022435149159347356,0.0373864306902454
2026-09-02,0.0,0.0,0.0,0.0,0.0,0.0,0.0
2026-09-03,0.0,0.0,0.0,0.0,0.0,0.0,0.0
2026-09-04,0.0,0.0,0.0,0.0,0.0,0.0,0.0
2026-09-08,0.0,0.0,0.0,0.0,0.0,0.0,0.0
2026-09-09,0.0,0.0,0.0,0.0,0.0,0.0,0.0
2026-09-10,0.0,0.0,0.0,0.0,0.0,0.0,0.0
2026-09-11,0.0,0.0,0.0,0.0,0.0,0.0,0.0
2026-09-14,0.0,0.0,0.0,0.0,0.0,0.0,0.0
2026-09-15,0.0,0.0,0.0,0.0,0.0,0.0,0.0
2026-09-16,0.0,0.0,0.0,0.0,0.0,0.0,0.0
2026-09-17,0.0,0.0,0.0,0.0,0.0,0.0,0.0
2026-09-18,0.0,0.0,0.0,0.0,0.0,0.0,0.0
2026-09-21,0.0,0.0,0.0,0.0,0.0,0.0,0.0
2026-09-22,0.0,0.0,0.0,0.0,0.0,0.0,0.0
2026-09-23,0.0,0.0,0.0,0.0,0.0,0.0,0.0
2026-09-24,0.0,0.0,0.0,0.0,0.0,0.0,0.0
2026-09-25,0.0,0.0,0.0,0.0,0.0,0.0,0.0
2026-09-28,0.0,0.0,0.0,0.0,0.0,0.0,0.0
2026-09-29,0.0,0.0,0.0,0.0,0.0,0.0,0.0
2026-09-30,0.0,0.0,0.0,0.0,0.0,0.0,0.0
2026-10-01,0.02386903068004012,0.02386903068004012,0.02856532311650381,0.056821189665505194,0.3551163221419554,0.028453137559258657,0.03614403966873579
2026-10-02,0.0,0.0,0.0,0.0,0.0,0.0,0.0
2026-10-05,0.0,0.0,0.0,0.0,0.0,0.0,0.0
2026-10-06,0.0,0.0,0.0,0.0,0.0,0.0,0.0
2026-10-07,0.0,0.0,0.0,0.0,0.0,0.0,0.0
2026-10-08,0.0,0.0,0.0,0.0,0.0,0.0,0.0
2026-10-09,0.0,0.0,0.0,0.0,0.0,0.0,0.0
