strategy,model,confidence,observations,exceptions,expected_exceptions,exception_rate,kupiec_lr,kupiec_p,independence_lr,independence_p,conditional_coverage_lr,conditional_coverage_p,es_ratio,kupiec_pass,independence_pass,conditional_coverage_pass
equal_weight,cornish_fisher,0.95,256,33,12.800000000000011,0.12890625,23.832396905875573,1.0509860136255996e-06,0.5414772047732299,0.46182116889911873,24.373874110648803,5.0965992451798185e-06,0.9099202642884657,False,True,False
equal_weight,cornish_fisher,0.99,256,1,2.5600000000000023,0.00390625,1.2495681145232682,0.2636349810958321,0.00787403608940096,0.9292919078332574,1.2574421506126692,0.5332733815650498,0.7174660219787885,True,True,True
equal_weight,fhs,0.95,256,15,12.800000000000011,0.05859375,0.37811250344510583,0.5386151275510649,1.8762226144747558,0.1707640940352478,2.2543351179198616,0.32394952610239197,0.9898554765783272,True,True,True
equal_weight,fhs,0.99,256,2,2.5600000000000023,0.0078125,0.13379615165148007,0.7145280786977191,0.03162088270237717,0.8588622855407908,0.16541703435385724,0.9206194528720782,1.3616189228467233,True,True,True
equal_weight,gaussian,0.95,256,17,12.800000000000011,0.06640625,1.3210719657223002,0.2503997569568254,2.4306407664001597,0.11898425318118376,3.75171273212246,0.15322369507236933,1.1054060904165453,True,True,True
equal_weight,gaussian,0.99,256,4,2.5600000000000023,0.015625,0.6984941792499493,0.40329013487109844,0.12749543670702224,0.7210431220469655,0.8259896159569715,0.6616657182015742,1.3894399911544695,True,True,True
equal_weight,historical,0.95,256,14,12.800000000000011,0.0546875,0.11507125861367129,0.7344428376844663,1.6274720823627433,0.20205305189490524,1.7425433409764146,0.41841911953579947,0.9227233072978896,True,True,True
equal_weight,historical,0.99,256,2,2.5600000000000023,0.0078125,0.13379615165148007,0.7145280786977191,0.03162088270237717,0.8588622855407908,0.16541703435385724,0.9206194528720782,0.8992810397769665,True,True,True
hrp,cornish_fisher,0.95,256,36,12.800000000000011,0.140625,30.340405616752523,3.6249553995123956e-08,0.3300187248022439,0.5656480624405277,30.670424341554767,2.1877715751436752e-07,0.8954184110290415,False,True,False
hrp,cornish_fisher,0.99,256,1,2.5600000000000023,0.00390625,1.2495681145232682,0.2636349810958321,0.00787403608940096,0.9292919078332574,1.2574421506126692,0.5332733815650498,0.7076477917794053,True,True,True
hrp,fhs,0.95,256,15,12.800000000000011,0.05859375,0.37811250344510583,0.5386151275510649,1.8762226144747558,0.1707640940352478,2.2543351179198616,0.32394952610239197,0.9947602826527722,True,True,True
hrp,fhs,0.99,256,2,2.5600000000000023,0.0078125,0.13379615165148007,0.7145280786977191,0.03162088270237717,0.8588622855407908,0.16541703435385724,0.9206194528720782,1.335760672445741,True,True,True
hrp,gaussian,0.95,256,17,12.800000000000011,0.06640625,1.3210719657223002,0.2503997569568254,2.4306407664001597,0.11898425318118376,3.75171273212246,0.15322369507236933,1.105381453380553,True,True,True
hrp,gaussian,0.99,256,4,2.5600000000000023,0.015625,0.6984941792499493,0.40329013487109844,0.12749543670702224,0.7210431220469655,0.8259896159569715,0.6616657182015742,1.403610598042461,True,True,True
hrp,historical,0.95,256,14,12.800000000000011,0.0546875,0.11507125861367129,0.7344428376844663,1.6274720823627433,0.20205305189490524,1.7425433409764146,0.41841911953579947,0.881372517298428,True,True,True
hrp,historical,0.99,256,2,2.5600000000000023,0.0078125,0.13379615165148007,0.7145280786977191,0.03162088270237717,0.8588622855407908,0.16541703435385724,0.9206194528720782,0.8219616831234222,True,True,True
inverse_vol,cornish_fisher,0.95,256,34,12.800000000000011,0.1328125,25.93443896139881,3.5321116780699976e-07,0.7587830504573958,0.3837096323891429,26.693222011856207,1.5982344512950886e-06,0.9075013746570241,False,True,False
inverse_vol,cornish_fisher,0.99,256,1,2.5600000000000023,0.00390625,1.2495681145232682,0.2636349810958321,0.00787403608940096,0.9292919078332574,1.2574421506126692,0.5332733815650498,0.725024256241829,True,True,True
inverse_vol,fhs,0.95,256,13,12.800000000000011,0.05078125,0.003273368723831993,0.9543752347293988,1.397366738966653,0.2371649623380014,1.400640107690485,0.4964263951864515,1.0324930065297493,True,True,True
inverse_vol,fhs,0.99,256,3,2.5600000000000023,0.01171875,0.07239451239818884,0.787881753884955,0.07143025870703923,0.7892655959031332,0.14382477110522807,0.9306124273330352,1.177465877008024,True,True,True
inverse_vol,gaussian,0.95,256,16,12.800000000000011,0.0625,0.7828848020447978,0.37626031433676055,2.143862455486129,0.14314109971216796,2.926747257530927,0.23145411585162817,1.1208022026386604,True,True,True
inverse_vol,gaussian,0.99,256,4,2.5600000000000023,0.015625,0.6984941792499493,0.40329013487109844,0.12749543670702224,0.7210431220469655,0.8259896159569715,0.6616657182015742,1.4064059637343596,True,True,True
inverse_vol,historical,0.95,256,14,12.800000000000011,0.0546875,0.11507125861367129,0.7344428376844663,1.6274720823627433,0.20205305189490524,1.7425433409764146,0.41841911953579947,0.9309038908452458,True,True,True
inverse_vol,historical,0.99,256,2,2.5600000000000023,0.0078125,0.13379615165148007,0.7145280786977191,0.03162088270237717,0.8588622855407908,0.16541703435385724,0.9206194528720782,0.8760224374951467,True,True,True
max_sharpe,cornish_fisher,0.95,256,32,12.800000000000011,0.125,21.7999388297824,3.0260978194307425e-06,0.35994805701739097,0.5485350847150257,22.15988688679979,1.5418485004366286e-05,0.9462519240110415,False,True,False
max_sharpe,cornish_fisher,0.99,256,1,2.5600000000000023,0.00390625,1.2495681145232682,0.2636349810958321,0.00787403608940096,0.9292919078332574,1.2574421506126692,0.5332733815650498,0.6492686159362229,True,True,True
max_sharpe,fhs,0.95,256,15,12.800000000000011,0.05859375,0.37811250344510583,0.5386151275510649,0.017059685880767006,0.8960816699717677,0.39517218932587284,0.8207094788800159,1.0241283954258074,True,True,True
max_sharpe,fhs,0.99,256,3,2.5600000000000023,0.01171875,0.07239451239818884,0.787881753884955,0.07143025870703923,0.7892655959031332,0.14382477110522807,0.9306124273330352,1.314127833328245,True,True,True
max_sharpe,gaussian,0.95,256,17,12.800000000000011,0.06640625,1.3210719657223002,0.2503997569568254,0.018655074368794544,0.8913599559921236,1.3397270400910948,0.5117784205158895,1.1261835068172439,True,True,True
max_sharpe,gaussian,0.99,256,5,2.5600000000000023,0.01953125,1.8378734532991636,0.17520039616445093,0.2000133354671334,0.654710082229818,2.037886788766297,0.3609761481700633,1.35182431193456,True,True,True
max_sharpe,historical,0.95,256,15,12.800000000000011,0.05859375,0.37811250344510583,0.5386151275510649,0.017059685880767006,0.8960816699717677,0.39517218932587284,0.8207094788800159,1.018333840528312,True,True,True
max_sharpe,historical,0.99,256,4,2.5600000000000023,0.015625,0.6984941792499493,0.40329013487109844,0.12749543670702224,0.7210431220469655,0.8259896159569715,0.6616657182015742,0.920843690778273,True,True,True
min_variance,cornish_fisher,0.95,256,36,12.800000000000011,0.140625,30.340405616752523,3.6249553995123956e-08,0.3300187248022439,0.5656480624405277,30.670424341554767,2.1877715751436752e-07,0.9115227174762794,False,True,False
min_variance,cornish_fisher,0.99,256,0,2.5600000000000023,0.0,5.145771956992743,0.023303047347078533,0.0,1.0,5.145771956992743,0.07631498390659379,,False,True,True
min_variance,fhs,0.95,256,15,12.800000000000011,0.05859375,0.37811250344510583,0.5386151275510649,0.017059685880767006,0.8960816699717677,0.39517218932587284,0.8207094788800159,0.9894984909493448,True,True,True
min_variance,fhs,0.99,256,3,2.5600000000000023,0.01171875,0.07239451239818884,0.787881753884955,0.07143025870703923,0.7892655959031332,0.14382477110522807,0.9306124273330352,1.1916707245668507,True,True,True
min_variance,gaussian,0.95,256,15,12.800000000000011,0.05859375,0.37811250344510583,0.5386151275510649,0.017059685880767006,0.8960816699717677,0.39517218932587284,0.8207094788800159,1.1300915114807777,True,True,True
min_variance,gaussian,0.99,256,5,2.5600000000000023,0.01953125,1.8378734532991636,0.17520039616445093,0.2000133354671334,0.654710082229818,2.037886788766297,0.3609761481700633,1.2681800772604928,True,True,True
min_variance,historical,0.95,256,15,12.800000000000011,0.05859375,0.37811250344510583,0.5386151275510649,0.017059685880767006,0.8960816699717677,0.39517218932587284,0.8207094788800159,0.9595479073082254,True,True,True
min_variance,historical,0.99,256,4,2.5600000000000023,0.015625,0.6984941792499493,0.40329013487109844,0.12749543670702224,0.7210431220469655,0.8259896159569715,0.6616657182015742,0.8513700366861424,True,True,True
risk_parity,cornish_fisher,0.95,256,33,12.800000000000011,0.12890625,23.832396905875573,1.0509860136255996e-06,1.883346406848318,0.16995429373324372,25.71574331272389,2.6055372751624364e-06,0.917485307606908,False,True,False
risk_parity,cornish_fisher,0.99,256,1,2.5600000000000023,0.00390625,1.2495681145232682,0.2636349810958321,0.00787403608940096,0.9292919078332574,1.2574421506126692,0.5332733815650498,0.7305590188011636,True,True,True
risk_parity,fhs,0.95,256,13,12.800000000000011,0.05078125,0.003273368723831993,0.9543752347293988,1.397366738966653,0.2371649623380014,1.400640107690485,0.4964263951864515,1.0325614395356677,True,True,True
risk_parity,fhs,0.99,256,3,2.5600000000000023,0.01171875,0.07239451239818884,0.787881753884955,0.07143025870703923,0.7892655959031332,0.14382477110522807,0.9306124273330352,1.1788099653287045,True,True,True
risk_parity,gaussian,0.95,256,16,12.800000000000011,0.0625,0.7828848020447978,0.37626031433676055,2.143862455486129,0.14314109971216796,2.926747257530927,0.23145411585162817,1.1206978725629257,True,True,True
risk_parity,gaussian,0.99,256,4,2.5600000000000023,0.015625,0.6984941792499493,0.40329013487109844,0.12749543670702224,0.7210431220469655,0.8259896159569715,0.6616657182015742,1.4058223097796618,True,True,True
risk_parity,historical,0.95,256,14,12.800000000000011,0.0546875,0.11507125861367129,0.7344428376844663,1.6274720823627433,0.20205305189490524,1.7425433409764146,0.41841911953579947,0.9355326545238565,True,True,True
risk_parity,historical,0.99,256,2,2.5600000000000023,0.0078125,0.13379615165148007,0.7145280786977191,0.03162088270237717,0.8588622855407908,0.16541703435385724,0.9206194528720782,0.8817874334472583,True,True,True
sixty_forty,cornish_fisher,0.95,256,33,12.800000000000011,0.12890625,23.832396905875573,1.0509860136255996e-06,0.5414772047732299,0.46182116889911873,24.373874110648803,5.0965992451798185e-06,0.9099202642884657,False,True,False
sixty_forty,cornish_fisher,0.99,256,1,2.5600000000000023,0.00390625,1.2495681145232682,0.2636349810958321,0.00787403608940096,0.9292919078332574,1.2574421506126692,0.5332733815650498,0.7174660219787885,True,True,True
sixty_forty,fhs,0.95,256,15,12.800000000000011,0.05859375,0.37811250344510583,0.5386151275510649,1.8762226144747558,0.1707640940352478,2.2543351179198616,0.32394952610239197,0.9898554765783272,True,True,True
sixty_forty,fhs,0.99,256,2,2.5600000000000023,0.0078125,0.13379615165148007,0.7145280786977191,0.03162088270237717,0.8588622855407908,0.16541703435385724,0.9206194528720782,1.3616189228467233,True,True,True
sixty_forty,gaussian,0.95,256,17,12.800000000000011,0.06640625,1.3210719657223002,0.2503997569568254,2.4306407664001597,0.11898425318118376,3.75171273212246,0.15322369507236933,1.1054060904165453,True,True,True
sixty_forty,gaussian,0.99,256,4,2.5600000000000023,0.015625,0.6984941792499493,0.40329013487109844,0.12749543670702224,0.7210431220469655,0.8259896159569715,0.6616657182015742,1.3894399911544695,True,True,True
sixty_forty,historical,0.95,256,14,12.800000000000011,0.0546875,0.11507125861367129,0.7344428376844663,1.6274720823627433,0.20205305189490524,1.7425433409764146,0.41841911953579947,0.9227233072978896,True,True,True
sixty_forty,historical,0.99,256,2,2.5600000000000023,0.0078125,0.13379615165148007,0.7145280786977191,0.03162088270237717,0.8588622855407908,0.16541703435385724,0.9206194528720782,0.8992810397769665,True,True,True
